duration_s,method,relative_motion_rmse3d_m,absolute_rmse3d_m,absolute_rmse_h_m,absolute_rmse_v_m,final_unavailable_error_m
10,held_gnss,6.550193358527673,9.194686045488975,8.03904254327084,3.1001515125379058,11.577319661239484
10,constant_velocity_gnss,5.736834402798507,7.747790352884675,6.944716342072842,2.920890271619147,9.116117459683323
10,full,5.709302778672583,6.946780152980022,6.110740956564437,3.0654437555033733,8.074019539214278
10,gps_only,5.718231671471652,7.28771130068204,6.483657234664164,2.97603820136703,8.462464614940721
30,held_gnss,13.06769995402199,15.236430538904626,14.080309012781342,3.608142990032899,27.159361925002788
30,constant_velocity_gnss,15.573895710780148,16.041647000477486,14.451866743302565,5.667303565170925,32.01174066631561
30,full,15.314449963900785,15.232696703509959,12.798821845305966,6.567093495038715,30.964269109706418
30,gps_only,15.300445930244067,15.385412174830448,13.326548146749102,6.105742157885153,31.088397203201684
60,held_gnss,27.846605981955715,28.329836707419005,27.319592633016402,5.837902704253481,27.638618159858783
60,constant_velocity_gnss,38.334729494457854,37.83252937042931,34.26299943519383,12.586693564628822,59.41631014896362
60,full,36.79893443384737,36.269099144444006,31.38876005325405,15.010901571084476,57.05859560130588
60,gps_only,37.29169312369145,36.772955766845264,32.63912508395989,13.840780539055174,57.56376713360206
