flight,duration_s,method,relative_motion_rmse3d_m,absolute_rmse3d_m,absolute_rmse_h_m,absolute_rmse_v_m,final_unavailable_error_m
mars_4,10,held_gnss,9.531707549983231,10.69021291127168,10.260461912039945,2.1227595601115126,14.255678978068394
mars_4,10,constant_velocity_gnss,8.138681714638802,9.029073963720741,8.69096075505084,2.446867515641206,11.482989793787036
mars_4,10,full,7.711735162069134,7.836556103799703,7.288973121150327,2.822943477687885,9.830125970987133
mars_4,10,gps_only,7.902263336181155,8.373542314809038,7.947840375320087,2.6246371220126408,10.522355849070061
mars_4,30,held_gnss,19.30177664383175,19.746627599514746,19.323011455033683,2.876678395063743,37.627200702231626
mars_4,30,constant_velocity_gnss,21.61796851749934,22.036305744451713,20.077510885449904,7.258209194488503,46.39595038303522
mars_4,30,full,20.13833140821336,20.109490915949536,16.77916342217137,8.564848508834828,42.68211319389908
mars_4,30,gps_only,20.63635473173779,20.784532877677727,18.049761614079628,7.935216832885091,43.95240296197764
mars_4,60,held_gnss,38.60456359711743,39.28138395386895,38.48894316739795,6.726230093343735,39.971414467808664
mars_4,60,constant_velocity_gnss,51.41284640873435,52.14174799026878,48.91752516458541,14.99552321990631,82.24937587951393
mars_4,60,full,47.089108932023976,47.545507914625446,42.30705811057193,17.59465180874149,75.9105906504347
mars_4,60,gps_only,48.657612621024434,49.24777418628182,45.08844328667893,16.292510341221757,78.05768029871756
mars_5,10,held_gnss,0.5871649756165576,6.203632313923567,3.59620380573263,5.054935417390692,6.22060102758166
mars_5,10,constant_velocity_gnss,0.9331397791179162,5.185223131212543,3.4522275161168454,3.8689357835750298,4.3823727914758965
mars_5,10,full,1.7044380118794815,5.16722825134066,3.7542766273926578,3.5504443111343496,4.5618066756685645
mars_5,10,gps_only,1.350168342052643,5.116049272428045,3.555290953352317,3.678840360075808,4.34268214668204
mars_5,30,held_gnss,0.5995465744024691,6.216036417684388,3.594904128276661,5.071072179971212,6.22368437054511
mars_5,30,constant_velocity_gnss,3.485750097341764,4.052329512529031,3.2005784590078865,2.485492306535765,3.2433212328763834
mars_5,30,full,5.666687075275633,5.4791082786308065,4.838138691575154,2.5715834674464864,7.528580941321103
mars_5,30,gps_only,4.628628327256628,4.587170769135885,3.880121212088045,2.446792807885275,5.360385685649774
mars_5,60,held_gnss,6.330690751632288,6.426742214519098,4.980891564253312,4.061247926072975,2.9730255439590274
mars_5,60,constant_velocity_gnss,12.178495665904864,9.214092130750368,4.95394797641064,7.769034254073846,13.750178687862972
mars_5,60,full,16.21858543749416,13.71628160408114,9.552163938618294,9.843401095770451,19.35460550304824
mars_5,60,gps_only,14.5598541290255,11.823318927972156,7.740488678521804,8.937320934722017,16.575940803371072
