scenario,flight,duration_s,comparison,full_rmse_m,other_rmse_m,difference_m,difference_percent,full_better,n_native_gt
mars_4_e1_d10,mars_4,10,full_minus_gps_only,2.0238522566931483,1.6593906392168265,0.3644616174763218,21.96358162224747,False,29
mars_4_e1_d10,mars_4,10,full_minus_constant_velocity_gnss,2.0238522566931483,1.4882019585511368,0.5356502981420115,35.99311874737099,False,29
mars_4_e1_d10,mars_4,10,full_minus_held_gnss,2.0238522566931483,0.505638754841268,1.5182135018518803,300.25655417344024,False,29
mars_4_e1_d30,mars_4,30,full_minus_gps_only,10.038588404665909,9.466743554095283,0.571844850570626,6.040565557765085,False,115
mars_4_e1_d30,mars_4,30,full_minus_constant_velocity_gnss,10.038588404665909,9.552351248184003,0.4862371564819057,5.090235313262211,False,115
mars_4_e1_d30,mars_4,30,full_minus_held_gnss,10.038588404665909,5.346875227228348,4.691713177437561,87.7468236690011,False,115
mars_4_e1_d60,mars_4,60,full_minus_gps_only,28.533321828786168,29.467425849449366,-0.9341040206631988,-3.169954598123316,True,231
mars_4_e1_d60,mars_4,60,full_minus_constant_velocity_gnss,28.533321828786168,31.544700059296094,-3.0113782305099264,-9.546384098911366,True,231
mars_4_e1_d60,mars_4,60,full_minus_held_gnss,28.533321828786168,24.96708711370028,3.566234715085887,14.28374362954409,False,231
mars_4_e2_d10,mars_4,10,full_minus_gps_only,13.39961806744512,14.145136033145484,-0.7455179657003637,-5.27048989810656,True,48
mars_4_e2_d10,mars_4,10,full_minus_constant_velocity_gnss,13.39961806744512,14.789161470726468,-1.3895434032813476,-9.39568755153426,True,48
mars_4_e2_d10,mars_4,10,full_minus_held_gnss,13.39961806744512,18.557776345125195,-5.158158277680075,-27.79513117170977,True,48
mars_4_e2_d30,mars_4,30,full_minus_gps_only,30.238074411760813,31.80596590938029,-1.5678914976194775,-4.929551588172555,True,120
mars_4_e2_d30,mars_4,30,full_minus_constant_velocity_gnss,30.238074411760813,33.683585786814675,-3.4455113750538615,-10.22905161244025,True,120
mars_4_e2_d30,mars_4,30,full_minus_held_gnss,30.238074411760813,33.256678060435156,-3.0186036486743433,-9.076684217193415,True,120
mars_4_e2_d60,mars_4,60,full_minus_gps_only,65.64489603526178,67.8477993925995,-2.2029033573377177,-3.2468309614445645,True,244
mars_4_e2_d60,mars_4,60,full_minus_constant_velocity_gnss,65.64489603526178,71.2809927581726,-5.636096722910821,-7.906871810879239,True,244
mars_4_e2_d60,mars_4,60,full_minus_held_gnss,65.64489603526178,52.24204008053458,13.402855954727201,25.65530736178336,False,244
mars_5_e1_d10,mars_5,10,full_minus_gps_only,1.7044380118794815,1.350168342052643,0.3542696698268386,26.238925828185774,False,40
mars_5_e1_d10,mars_5,10,full_minus_constant_velocity_gnss,1.7044380118794815,0.9331397791179162,0.7712982327615653,82.65623757789669,False,40
mars_5_e1_d10,mars_5,10,full_minus_held_gnss,1.7044380118794815,0.5871649756165576,1.117273036262924,190.28264332178907,False,40
mars_5_e1_d30,mars_5,30,full_minus_gps_only,5.666687075275633,4.628628327256628,1.0380587480190053,22.426919480792684,False,122
mars_5_e1_d30,mars_5,30,full_minus_constant_velocity_gnss,5.666687075275633,3.485750097341764,2.1809369779338694,62.567221316211224,False,122
mars_5_e1_d30,mars_5,30,full_minus_held_gnss,5.666687075275633,0.5995465744024691,5.0671405008731645,845.1621137062236,False,122
mars_5_e1_d60,mars_5,60,full_minus_gps_only,16.21858543749416,14.5598541290255,1.65873130846866,11.39249949738116,False,226
mars_5_e1_d60,mars_5,60,full_minus_constant_velocity_gnss,16.21858543749416,12.178495665904865,4.040089771589294,33.173964029892474,False,226
mars_5_e1_d60,mars_5,60,full_minus_held_gnss,16.21858543749416,6.330690751632288,9.887894685861871,156.18982309809405,False,226
