method,epoch,mean_batch_huber_train_loss,validation_macro_relative_rmse3d_m,selected_best_so_far,epochs_without_improvement,epoch_wall_seconds
full,1,11.920626640319824,19.513383693371207,True,0,1.3337031169999705
full,2,12.418767261505128,19.53555695353048,False,1,0.09527628099999674
full,3,8.716373062133789,19.521928087130355,False,2,0.0916969859999881
full,4,11.828317308425904,19.435665010848215,True,0,0.09265568199998597
full,5,9.815550518035888,19.365133874007874,True,0,0.08241225099999383
full,6,11.44738187789917,19.274229058806913,True,0,0.08058771599996817
full,7,9.21400032043457,19.417376991339253,False,1,0.07977983700004643
full,8,11.182855796813964,19.649148806921815,False,2,0.07775610800001687
full,9,11.045357799530029,20.317604957298112,False,3,0.07601731700003711
full,10,8.605634498596192,20.81485298182165,False,4,0.07760195099996281
full,11,8.181526470184327,20.65035022684518,False,5,0.0784566010000276
gps_only,1,11.918764877319337,19.4884588879123,True,0,0.07546935499999563
gps_only,2,12.418712329864501,19.51108911682094,False,1,0.09260088700000324
gps_only,3,8.715075874328614,19.50201644678275,False,2,0.07842342899999721
gps_only,4,11.825362205505371,19.43679024180239,True,0,0.08053200299997343
gps_only,5,9.80607328414917,19.47929619631116,False,1,0.07942020899997715
gps_only,6,11.468374395370484,19.562717487693497,False,2,0.07842569499996443
gps_only,7,9.257992553710938,19.87421198010116,False,3,0.07913125699997181
gps_only,8,11.236299228668212,20.218942807090556,False,4,0.07882935799995039
gps_only,9,11.12193660736084,20.92489555927452,False,5,0.07815793399998938
