duration_s,method,mean_m,seed_sd_m,n_seeds
10,adaptive_full,5.147418718574317,0.10445056821401634,3
10,adaptive_gps_only,6.339905881756415,0.039087113596055385,3
10,constant_velocity_gnss,5.736834402798507,,0
10,damped_cv,5.5242577031659295,,0
10,held_gnss,6.550193358527673,,0
30,adaptive_full,10.19584664743926,0.4793708998338802,3
30,adaptive_gps_only,12.735369746199396,0.02930314714509401,3
30,constant_velocity_gnss,15.573895710780148,,0
30,damped_cv,12.25266246953681,,0
30,held_gnss,13.067699954021991,,0
60,adaptive_full,21.849250059677853,1.7298667561788057,3
60,adaptive_gps_only,24.694176931640296,0.13676963353903251,3
60,constant_velocity_gnss,38.334729494457854,,0
60,damped_cv,27.67489608904177,,0
60,held_gnss,27.846605981955715,,0
