flight,duration_s,method,reference,mean_rmse_m,reference_mean_rmse_m,delta_m,delta_percent,wins_episode_seed,episode_seed_pairs
mars_4,10,adaptive_full,held_gnss,7.25364510606569,9.531707549983231,-2.278062443917541,-23.89983570070348,3,6
mars_4,10,adaptive_full,constant_velocity_gnss,7.25364510606569,8.138681714638802,-0.8850366085731114,-10.874446742169836,4,6
mars_4,10,adaptive_full,damped_cv,7.25364510606569,8.153207185389887,-0.8995620793241965,-11.033229732419457,3,6
mars_4,10,adaptive_full,adaptive_gps_only,7.25364510606569,8.366420622502263,-1.1127755164365727,-13.300496910753685,5,6
mars_4,10,adaptive_gps_only,held_gnss,8.366420622502263,9.531707549983231,-1.1652869274809685,-12.225374324278535,3,6
mars_4,10,adaptive_gps_only,constant_velocity_gnss,8.366420622502263,8.138681714638802,0.2277389078634613,2.7982284582260317,3,6
mars_4,10,adaptive_gps_only,damped_cv,8.366420622502263,8.153207185389887,0.21321343711237617,2.615086704707361,3,6
mars_4,30,adaptive_full,held_gnss,13.766577409682618,19.301776643831754,-5.535199234149136,-28.677148929282698,4,6
mars_4,30,adaptive_full,constant_velocity_gnss,13.766577409682618,21.61796851749934,-7.8513911078167204,-36.31882015861558,6,6
mars_4,30,adaptive_full,damped_cv,13.766577409682618,18.160709685465196,-4.394132275782578,-24.19581807036645,4,6
mars_4,30,adaptive_full,adaptive_gps_only,13.766577409682618,15.893965980422427,-2.127388570739809,-13.384881868756006,5,6
mars_4,30,adaptive_gps_only,held_gnss,15.893965980422427,19.301776643831754,-3.407810663409327,-17.6554248155097,3,6
mars_4,30,adaptive_gps_only,constant_velocity_gnss,15.893965980422427,21.61796851749934,-5.724002537076911,-26.477985350211974,6,6
mars_4,30,adaptive_gps_only,damped_cv,15.893965980422427,18.160709685465196,-2.266743705042769,-12.481581085220157,3,6
mars_4,60,adaptive_full,held_gnss,27.520017909410385,38.604563597117426,-11.084545687707042,-28.713044922322904,6,6
mars_4,60,adaptive_full,constant_velocity_gnss,27.520017909410385,51.412846408734346,-23.89282849932396,-46.47248726393194,6,6
mars_4,60,adaptive_full,damped_cv,27.520017909410385,38.132151988523994,-10.61213407911361,-27.829885085707645,6,6
mars_4,60,adaptive_full,adaptive_gps_only,27.520017909410385,29.65598896260374,-2.135971053193355,-7.2024947672013875,5,6
mars_4,60,adaptive_gps_only,held_gnss,29.65598896260374,38.604563597117426,-8.948574634513687,-23.180095306612582,6,6
mars_4,60,adaptive_gps_only,constant_velocity_gnss,29.65598896260374,51.412846408734346,-21.756857446130606,-42.317939903896104,6,6
mars_4,60,adaptive_gps_only,damped_cv,29.65598896260374,38.132151988523994,-8.476163025920254,-22.228388863212295,6,6
mars_5,10,adaptive_full,held_gnss,0.9349659435915724,0.5871649756165576,0.3478009679750148,59.23394317070827,0,3
mars_5,10,adaptive_full,constant_velocity_gnss,0.9349659435915724,0.9331397791179162,0.0018261644736561333,0.19570106371227478,2,3
mars_5,10,adaptive_full,damped_cv,0.9349659435915724,0.2663587387180136,0.6686072048735587,251.0175592854846,0,3
mars_5,10,adaptive_full,adaptive_gps_only,0.9349659435915724,2.286876400264719,-1.3519104566731466,-59.116026406877744,3,3
mars_5,10,adaptive_gps_only,held_gnss,2.286876400264719,0.5871649756165576,1.6997114246481615,289.47765878974053,0,3
mars_5,10,adaptive_gps_only,constant_velocity_gnss,2.286876400264719,0.9331397791179162,1.353736621146803,145.07329463828782,0,3
mars_5,10,adaptive_gps_only,damped_cv,2.286876400264719,0.2663587387180136,2.0205176615467053,758.5700665468949,0,3
mars_5,30,adaptive_full,held_gnss,3.0543851229525463,0.5995465744024691,2.454838548550077,409.4491826588556,0,3
mars_5,30,adaptive_full,constant_velocity_gnss,3.0543851229525463,3.485750097341764,-0.4313649743892176,-12.375097535482448,3,3
mars_5,30,adaptive_full,damped_cv,3.0543851229525463,0.4365680376800361,2.61781708527251,599.635534287814,0,3
mars_5,30,adaptive_full,adaptive_gps_only,3.0543851229525463,6.418177277753338,-3.3637921548007914,-52.41039642922229,3,3
mars_5,30,adaptive_gps_only,held_gnss,6.418177277753338,0.5995465744024691,5.818630703350869,970.5052037283237,0,3
mars_5,30,adaptive_gps_only,constant_velocity_gnss,6.418177277753338,3.485750097341764,2.932427180411574,84.12614497659615,0,3
mars_5,30,adaptive_gps_only,damped_cv,6.418177277753338,0.4365680376800361,5.981609240073301,1370.1436485960216,0,3
mars_5,60,adaptive_full,held_gnss,10.507714360212788,6.330690751632287,4.177023608580501,65.98053470710933,0,3
mars_5,60,adaptive_full,constant_velocity_gnss,10.507714360212788,12.178495665904864,-1.670781305692076,-13.71911073031479,3,3
mars_5,60,adaptive_full,damped_cv,10.507714360212788,6.760384290077309,3.7473300701354786,55.430725670960726,0,3
mars_5,60,adaptive_full,adaptive_gps_only,10.507714360212788,14.770552869713393,-4.262838509500606,-28.86038557325391,3,3
mars_5,60,adaptive_gps_only,held_gnss,14.770552869713393,6.330690751632287,8.439862118081106,133.31660713177303,0,3
mars_5,60,adaptive_gps_only,constant_velocity_gnss,14.770552869713393,12.178495665904864,2.5920572038085297,21.28388657283264,0,3
mars_5,60,adaptive_gps_only,damped_cv,14.770552869713393,6.760384290077309,8.010168579636083,118.48688234178005,0,3
