flight,duration_s,method,mean_m,seed_sd_m,n_seeds
mars_4,10,adaptive_full,7.25364510606569,0.14357386401806418,3
mars_4,10,adaptive_gps_only,8.366420622502263,0.03654338248287878,3
mars_4,10,constant_velocity_gnss,8.138681714638802,,0
mars_4,10,damped_cv,8.153207185389887,,0
mars_4,10,held_gnss,9.531707549983231,,0
mars_4,30,adaptive_full,13.766577409682617,0.7798695720077804,3
mars_4,30,adaptive_gps_only,15.893965980422427,0.0304505104641062,3
mars_4,30,constant_velocity_gnss,21.61796851749934,,0
mars_4,30,damped_cv,18.160709685465196,,0
mars_4,30,held_gnss,19.301776643831754,,0
mars_4,60,adaptive_full,27.520017909410388,2.3458943418359537,3
mars_4,60,adaptive_gps_only,29.655988962603743,0.29089567039490355,3
mars_4,60,constant_velocity_gnss,51.412846408734346,,0
mars_4,60,damped_cv,38.132151988524,,0
mars_4,60,held_gnss,38.60456359711743,,0
mars_5,10,adaptive_full,0.9349659435915724,0.09519650389522998,3
mars_5,10,adaptive_gps_only,2.286876400264719,0.052945185382371904,3
mars_5,10,constant_velocity_gnss,0.9331397791179162,,0
mars_5,10,damped_cv,0.2663587387180136,,0
mars_5,10,held_gnss,0.5871649756165576,,0
mars_5,30,adaptive_full,3.0543851229525463,0.24101994328080023,3
mars_5,30,adaptive_gps_only,6.4181772777533395,0.1334588023021479,3
mars_5,30,constant_velocity_gnss,3.485750097341764,,0
mars_5,30,damped_cv,0.4365680376800361,,0
mars_5,30,held_gnss,0.5995465744024691,,0
mars_5,60,adaptive_full,10.507714360212788,0.5551682029743722,3
mars_5,60,adaptive_gps_only,14.770552869713393,0.1839803574980756,3
mars_5,60,constant_velocity_gnss,12.178495665904864,,0
mars_5,60,damped_cv,6.760384290077309,,0
mars_5,60,held_gnss,6.330690751632288,,0
