scenario,flight,duration_s,method,seed,g_mean,g_min,g_max,g_first,g_last
mars_4_e1_d10,mars_4,10,adaptive_full,0,0.4335281252861023,0.4276788830757141,0.4462410509586334,0.4462410509586334,0.4279303252696991
mars_4_e1_d10,mars_4,10,adaptive_gps_only,0,0.30973827838897705,0.30917689204216003,0.310946524143219,0.31093430519104004,0.3093504309654236
mars_4_e1_d10,mars_4,10,adaptive_full,1,0.38702166080474854,0.38614049553871155,0.3894416093826294,0.3868454098701477,0.3861980438232422
mars_4_e1_d10,mars_4,10,adaptive_gps_only,1,0.30397242307662964,0.3033953011035919,0.3060566782951355,0.30437591671943665,0.3033953011035919
mars_4_e1_d10,mars_4,10,adaptive_full,2,0.47732213139533997,0.46459054946899414,0.48609593510627747,0.46459054946899414,0.47459161281585693
mars_4_e1_d10,mars_4,10,adaptive_gps_only,2,0.3225284218788147,0.3218747079372406,0.32357680797576904,0.3219301402568817,0.3219815194606781
mars_4_e1_d30,mars_4,30,adaptive_full,0,0.41470831632614136,0.30639731884002686,0.5631040334701538,0.4462410509586334,0.41972512006759644
mars_4_e1_d30,mars_4,30,adaptive_gps_only,0,0.3090597093105316,0.30806824564933777,0.310946524143219,0.31093430519104004,0.30811548233032227
mars_4_e1_d30,mars_4,30,adaptive_full,1,0.38663455843925476,0.3767271041870117,0.40065819025039673,0.3868454098701477,0.3974289298057556
mars_4_e1_d30,mars_4,30,adaptive_gps_only,1,0.30303847789764404,0.3017440438270569,0.3060566782951355,0.30437591671943665,0.3017440438270569
mars_4_e1_d30,mars_4,30,adaptive_full,2,0.4515770971775055,0.4056217074394226,0.48609593510627747,0.46459054946899414,0.4225463271141052
mars_4_e1_d30,mars_4,30,adaptive_gps_only,2,0.32147273421287537,0.31990885734558105,0.32357680797576904,0.3219301402568817,0.3199752867221832
mars_4_e1_d60,mars_4,60,adaptive_full,0,0.41257810592651367,0.30639731884002686,0.5631040334701538,0.4462410509586334,0.4864279627799988
mars_4_e1_d60,mars_4,60,adaptive_gps_only,0,0.308167964220047,0.30618348717689514,0.310946524143219,0.31093430519104004,0.30649155378341675
mars_4_e1_d60,mars_4,60,adaptive_full,1,0.39068523049354553,0.37276288866996765,0.41565415263175964,0.3868454098701477,0.41055822372436523
mars_4_e1_d60,mars_4,60,adaptive_gps_only,1,0.3018801212310791,0.2997337877750397,0.3060566782951355,0.30437591671943665,0.30021369457244873
mars_4_e1_d60,mars_4,60,adaptive_full,2,0.42762044072151184,0.3732962906360626,0.48609593510627747,0.46459054946899414,0.4758089482784271
mars_4_e1_d60,mars_4,60,adaptive_gps_only,2,0.32002905011177063,0.31697389483451843,0.32357680797576904,0.3219301402568817,0.31712624430656433
mars_4_e2_d10,mars_4,10,adaptive_full,0,0.4840286374092102,0.4322003126144409,0.5234794616699219,0.510369598865509,0.4806876480579376
mars_4_e2_d10,mars_4,10,adaptive_gps_only,0,0.3110271096229553,0.3105829656124115,0.313118040561676,0.313118040561676,0.31059229373931885
mars_4_e2_d10,mars_4,10,adaptive_full,1,0.40667060017585754,0.3961050510406494,0.4129219353199005,0.41150715947151184,0.4067080020904541
mars_4_e2_d10,mars_4,10,adaptive_gps_only,1,0.30193644762039185,0.30146268010139465,0.3042732775211334,0.3029448986053467,0.30146268010139465
mars_4_e2_d10,mars_4,10,adaptive_full,2,0.4972444772720337,0.470668226480484,0.5225131511688232,0.5201204419136047,0.49346238374710083
mars_4_e2_d10,mars_4,10,adaptive_gps_only,2,0.3262108862400055,0.32552865147590637,0.32789018750190735,0.32652467489242554,0.3255414366722107
mars_4_e2_d30,mars_4,30,adaptive_full,0,0.4800081253051758,0.42380568385124207,0.5437338948249817,0.510369598865509,0.5340261459350586
mars_4_e2_d30,mars_4,30,adaptive_gps_only,0,0.3102942407131195,0.3092478811740875,0.313118040561676,0.313118040561676,0.3092770576477051
mars_4_e2_d30,mars_4,30,adaptive_full,1,0.4019729495048523,0.377775639295578,0.4133545756340027,0.41150715947151184,0.4083724021911621
mars_4_e2_d30,mars_4,30,adaptive_gps_only,1,0.3010958433151245,0.2999155819416046,0.3042732775211334,0.3029448986053467,0.29991841316223145
mars_4_e2_d30,mars_4,30,adaptive_full,2,0.49943405389785767,0.470668226480484,0.5225131511688232,0.5201204419136047,0.5163400769233704
mars_4_e2_d30,mars_4,30,adaptive_gps_only,2,0.32501769065856934,0.3232952356338501,0.32789018750190735,0.32652467489242554,0.3233374357223511
mars_4_e2_d60,mars_4,60,adaptive_full,0,0.464800626039505,0.35129794478416443,0.5632701516151428,0.510369598865509,0.4967099726200104
mars_4_e2_d60,mars_4,60,adaptive_gps_only,0,0.30934837460517883,0.3073485195636749,0.313118040561676,0.313118040561676,0.3075747489929199
mars_4_e2_d60,mars_4,60,adaptive_full,1,0.3981487452983856,0.37146973609924316,0.4140011966228485,0.41150715947151184,0.3934682607650757
mars_4_e2_d60,mars_4,60,adaptive_gps_only,1,0.30001822113990784,0.29798150062561035,0.3042732775211334,0.3029448986053467,0.29802003502845764
mars_4_e2_d60,mars_4,60,adaptive_full,2,0.4884222447872162,0.43795245885849,0.5243035554885864,0.5201204419136047,0.48277518153190613
mars_4_e2_d60,mars_4,60,adaptive_gps_only,2,0.3234312832355499,0.3202666640281677,0.32789018750190735,0.32652467489242554,0.32040056586265564
mars_5_e1_d10,mars_5,10,adaptive_full,0,0.3701651692390442,0.35318490862846375,0.49516546726226807,0.3806675672531128,0.35342860221862793
mars_5_e1_d10,mars_5,10,adaptive_gps_only,0,0.3095281720161438,0.30915185809135437,0.31093713641166687,0.31093713641166687,0.30915185809135437
mars_5_e1_d10,mars_5,10,adaptive_full,1,0.4251134395599365,0.40955033898353577,0.48099541664123535,0.48099541664123535,0.42265585064888
mars_5_e1_d10,mars_5,10,adaptive_gps_only,1,0.30375197529792786,0.30329370498657227,0.3042902946472168,0.3041691482067108,0.30329370498657227
mars_5_e1_d10,mars_5,10,adaptive_full,2,0.4618748426437378,0.44003868103027344,0.50541752576828,0.44003868103027344,0.4510214328765869
mars_5_e1_d10,mars_5,10,adaptive_gps_only,2,0.3219228684902191,0.32136815786361694,0.32287174463272095,0.3214627206325531,0.32136815786361694
mars_5_e1_d30,mars_5,30,adaptive_full,0,0.3557133078575134,0.34349891543388367,0.49516546726226807,0.3806675672531128,0.3442871868610382
mars_5_e1_d30,mars_5,30,adaptive_gps_only,0,0.30886268615722656,0.30749404430389404,0.31093713641166687,0.31093713641166687,0.30755484104156494
mars_5_e1_d30,mars_5,30,adaptive_full,1,0.421992689371109,0.40955033898353577,0.48099541664123535,0.48099541664123535,0.41949257254600525
mars_5_e1_d30,mars_5,30,adaptive_gps_only,1,0.3028876781463623,0.30165359377861023,0.3042902946472168,0.3041691482067108,0.30228325724601746
mars_5_e1_d30,mars_5,30,adaptive_full,2,0.4474179148674011,0.4289533793926239,0.50541752576828,0.44003868103027344,0.4294748306274414
mars_5_e1_d30,mars_5,30,adaptive_gps_only,2,0.32088133692741394,0.3191887438297272,0.32287174463272095,0.3214627206325531,0.3191887438297272
mars_5_e1_d60,mars_5,60,adaptive_full,0,0.3673664927482605,0.3047054708003998,0.5760104060173035,0.3806675672531128,0.347966730594635
mars_5_e1_d60,mars_5,60,adaptive_gps_only,0,0.3079834580421448,0.3062823414802551,0.31093713641166687,0.31093713641166687,0.3063136339187622
mars_5_e1_d60,mars_5,60,adaptive_full,1,0.41080519556999207,0.37599340081214905,0.48099541664123535,0.48099541664123535,0.39138397574424744
mars_5_e1_d60,mars_5,60,adaptive_gps_only,1,0.3017354905605316,0.29959776997566223,0.3042902946472168,0.3041691482067108,0.29959991574287415
mars_5_e1_d60,mars_5,60,adaptive_full,2,0.443973183631897,0.39766010642051697,0.50541752576828,0.44003868103027344,0.41466227173805237
mars_5_e1_d60,mars_5,60,adaptive_gps_only,2,0.31944966316223145,0.3166698217391968,0.32287174463272095,0.3214627206325531,0.3167096972465515
