flight,scenario,duration_s,mean_delta_m,seed_sd_delta_m,wins_of_3
mars_4,mars_4_e1_d10,10,-0.3294377378203651,0.4889555452963626,2
mars_4,mars_4_e1_d30,30,-0.7112657836689511,1.2829736423003915,2
mars_4,mars_4_e1_d60,60,-1.3343157122715184,1.0822004074704175,3
mars_4,mars_4_e2_d10,10,-1.8961132950527808,0.8058571974345042,3
mars_4,mars_4_e2_d30,30,-3.5435113578106687,2.39349638026354,3
mars_4,mars_4_e2_d60,60,-2.937626394115194,3.715416137958664,2
mars_5,mars_5_e1_d10,10,-1.3519104566731466,0.10529149252379684,3
mars_5,mars_5_e1_d30,30,-3.3637921548007923,0.15361627530859642,3
mars_5,mars_5_e1_d60,60,-4.262838509500606,0.7313160677302136,3
