scenario,flight,duration_s,seed,method,reference,rmse_m,reference_rmse_m,difference_m,difference_percent,better
mars_4_e1_d10,mars_4,10,0,adaptive_full,held_gnss,2.245816412812287,0.505638754841268,1.740177657971019,344.1543278298164,False
mars_4_e1_d10,mars_4,10,0,adaptive_full,constant_velocity_gnss,2.245816412812287,1.4882019585511368,0.7576144542611503,50.90804039787302,False
mars_4_e1_d10,mars_4,10,0,adaptive_full,damped_cv,2.245816412812287,0.6434936184202991,1.602322794391988,249.0036806154351,False
mars_4_e1_d10,mars_4,10,0,adaptive_full,adaptive_gps_only,2.245816412812287,2.245649359448663,0.00016705336362399237,0.007438978080932733,False
mars_4_e1_d10,mars_4,10,0,adaptive_gps_only,held_gnss,2.245649359448663,0.505638754841268,1.740010604607395,344.1212897444195,False
mars_4_e1_d10,mars_4,10,0,adaptive_gps_only,constant_velocity_gnss,2.245649359448663,1.4882019585511368,0.7574474008975263,50.89681521686421,False
mars_4_e1_d10,mars_4,10,0,adaptive_gps_only,damped_cv,2.245649359448663,0.6434936184202991,1.602155741028364,248.97772023931913,False
mars_4_e1_d10,mars_4,10,1,adaptive_full,held_gnss,2.104687386387726,0.505638754841268,1.599048631546458,316.24328954936163,False
mars_4_e1_d10,mars_4,10,1,adaptive_full,constant_velocity_gnss,2.104687386387726,1.4882019585511368,0.6164854278365892,41.42484992001883,False
mars_4_e1_d10,mars_4,10,1,adaptive_full,damped_cv,2.104687386387726,0.6434936184202991,1.461193767967427,227.07199048134856,False
mars_4_e1_d10,mars_4,10,1,adaptive_full,adaptive_gps_only,2.104687386387726,2.2019413279778983,-0.09725394159017231,-4.416736284226211,True
mars_4_e1_d10,mars_4,10,1,adaptive_gps_only,held_gnss,2.2019413279778983,0.505638754841268,1.6963025731366304,335.4771676212082,False
mars_4_e1_d10,mars_4,10,1,adaptive_gps_only,constant_velocity_gnss,2.2019413279778983,1.4882019585511368,0.7137393694267615,47.95984613013371,False
mars_4_e1_d10,mars_4,10,1,adaptive_gps_only,damped_cv,2.2019413279778983,0.6434936184202991,1.5584477095575993,242.18541799736948,False
mars_4_e1_d10,mars_4,10,2,adaptive_full,held_gnss,1.257889379685682,0.505638754841268,0.7522506248444141,148.77234342540922,False
mars_4_e1_d10,mars_4,10,2,adaptive_full,constant_velocity_gnss,1.257889379685682,1.4882019585511368,-0.23031257886545475,-15.47589542817692,True
mars_4_e1_d10,mars_4,10,2,adaptive_full,damped_cv,1.257889379685682,0.6434936184202991,0.614395761265383,95.47814363313378,False
mars_4_e1_d10,mars_4,10,2,adaptive_full,adaptive_gps_only,1.257889379685682,2.149115704920229,-0.8912263252345469,-41.46944360390441,True
mars_4_e1_d10,mars_4,10,2,adaptive_gps_only,held_gnss,2.149115704920229,0.505638754841268,1.643476950078961,325.02986259328316,False
mars_4_e1_d10,mars_4,10,2,adaptive_gps_only,constant_velocity_gnss,2.149115704920229,1.4882019585511368,0.6609137463690922,44.4102188262496,False
mars_4_e1_d10,mars_4,10,2,adaptive_gps_only,damped_cv,2.149115704920229,0.6434936184202991,1.50562208649993,233.97622655467111,False
mars_4_e1_d30,mars_4,30,0,adaptive_full,held_gnss,7.042582611955923,5.346875227228348,1.6957073847275748,31.713988314004034,False
mars_4_e1_d30,mars_4,30,0,adaptive_full,constant_velocity_gnss,7.042582611955923,9.552351248184003,-2.50976863622808,-26.27383113351503,True
mars_4_e1_d30,mars_4,30,0,adaptive_full,damped_cv,7.042582611955923,6.031368475740363,1.0112141362155596,16.765915401834754,False
mars_4_e1_d30,mars_4,30,0,adaptive_full,adaptive_gps_only,7.042582611955923,7.338586232677343,-0.29600362072141984,-4.033523778781415,True
mars_4_e1_d30,mars_4,30,0,adaptive_gps_only,held_gnss,7.338586232677343,5.346875227228348,1.9917110054489946,37.24999968778839,False
mars_4_e1_d30,mars_4,30,0,adaptive_gps_only,constant_velocity_gnss,7.338586232677343,9.552351248184003,-2.2137650155066604,-23.175079705402574,True
mars_4_e1_d30,mars_4,30,0,adaptive_gps_only,damped_cv,7.338586232677343,6.031368475740363,1.3072177569369794,21.673651049424826,False
mars_4_e1_d30,mars_4,30,1,adaptive_full,held_gnss,7.611108200013381,5.346875227228348,2.2642329727850328,42.34684514900752,False
mars_4_e1_d30,mars_4,30,1,adaptive_full,constant_velocity_gnss,7.611108200013381,9.552351248184003,-1.9412430481706222,-20.322148942540945,True
mars_4_e1_d30,mars_4,30,1,adaptive_full,damped_cv,7.611108200013381,6.031368475740363,1.5797397242730176,26.19206123166105,False
mars_4_e1_d30,mars_4,30,1,adaptive_full,adaptive_gps_only,7.611108200013381,7.298465634664472,0.31264256534890844,4.283675240779309,False
mars_4_e1_d30,mars_4,30,1,adaptive_gps_only,held_gnss,7.298465634664472,5.346875227228348,1.9515904074361243,36.4996437077468,False
mars_4_e1_d30,mars_4,30,1,adaptive_gps_only,constant_velocity_gnss,7.298465634664472,9.552351248184003,-2.2538856135195307,-23.595087271817153,True
mars_4_e1_d30,mars_4,30,1,adaptive_gps_only,damped_cv,7.298465634664472,6.031368475740363,1.2670971589241091,21.008452128578835,False
mars_4_e1_d30,mars_4,30,2,adaptive_full,held_gnss,5.14267083765326,5.346875227228348,-0.20420438957508757,-3.819135119054213,True
mars_4_e1_d30,mars_4,30,2,adaptive_full,constant_velocity_gnss,5.14267083765326,9.552351248184003,-4.4096804105307426,-46.16329839597415,True
mars_4_e1_d30,mars_4,30,2,adaptive_full,damped_cv,5.14267083765326,6.031368475740363,-0.8886976380871028,-14.734593677399443,True
mars_4_e1_d30,mars_4,30,2,adaptive_full,adaptive_gps_only,5.14267083765326,7.293107133287602,-2.150436295634342,-29.48587284312885,True
mars_4_e1_d30,mars_4,30,2,adaptive_gps_only,held_gnss,7.293107133287602,5.346875227228348,1.9462319060592543,36.39942626953948,False
mars_4_e1_d30,mars_4,30,2,adaptive_gps_only,constant_velocity_gnss,7.293107133287602,9.552351248184003,-2.2592441148964006,-23.651183422781962,True
mars_4_e1_d30,mars_4,30,2,adaptive_gps_only,damped_cv,7.293107133287602,6.031368475740363,1.2617386575472391,20.919608255112585,False
mars_4_e1_d60,mars_4,60,0,adaptive_full,held_gnss,15.448980194054133,24.96708711370028,-9.518106919646147,-38.12261669253055,True
mars_4_e1_d60,mars_4,60,0,adaptive_full,constant_velocity_gnss,15.448980194054133,31.544700059296094,-16.09571986524196,-51.0251162159921,True
mars_4_e1_d60,mars_4,60,0,adaptive_full,damped_cv,15.448980194054133,25.608785639985875,-10.159805445931742,-39.67312464074085,True
mars_4_e1_d60,mars_4,60,0,adaptive_full,adaptive_gps_only,15.448980194054133,17.767804816634246,-2.318824622580113,-13.050709676916451,True
mars_4_e1_d60,mars_4,60,0,adaptive_gps_only,held_gnss,17.767804816634246,24.96708711370028,-7.199282297066034,-28.83509103116617,True
mars_4_e1_d60,mars_4,60,0,adaptive_gps_only,constant_velocity_gnss,17.767804816634246,31.544700059296094,-13.776895242661848,-43.6741995224705,True
mars_4_e1_d60,mars_4,60,0,adaptive_gps_only,damped_cv,17.767804816634246,25.608785639985875,-7.840980823351629,-30.61832346750806,True
mars_4_e1_d60,mars_4,60,1,adaptive_full,held_gnss,17.74597603226493,24.96708711370028,-7.22111108143535,-28.922521271906337,True
mars_4_e1_d60,mars_4,60,1,adaptive_full,constant_velocity_gnss,17.74597603226493,31.544700059296094,-13.798724027031163,-43.74339905306766,True
mars_4_e1_d60,mars_4,60,1,adaptive_full,damped_cv,17.74597603226493,25.608785639985875,-7.862809607720944,-30.703562903208717,True
mars_4_e1_d60,mars_4,60,1,adaptive_full,adaptive_gps_only,17.74597603226493,17.921543196331527,-0.1755671640665959,-0.9796431152342608,True
mars_4_e1_d60,mars_4,60,1,adaptive_gps_only,held_gnss,17.921543196331527,24.96708711370028,-7.045543917368754,-28.21932684931686,True
mars_4_e1_d60,mars_4,60,1,adaptive_gps_only,constant_velocity_gnss,17.921543196331527,31.544700059296094,-13.623156862964567,-43.18683277176978,True
mars_4_e1_d60,mars_4,60,1,adaptive_gps_only,damped_cv,17.921543196331527,25.608785639985875,-7.687242443654348,-30.017988950055457,True
mars_4_e1_d60,mars_4,60,2,adaptive_full,held_gnss,16.75950384812673,24.96708711370028,-8.20758326557355,-32.87361168003365,True
mars_4_e1_d60,mars_4,60,2,adaptive_full,constant_velocity_gnss,16.75950384812673,31.544700059296094,-14.785196211169364,-46.87061910044133,True
mars_4_e1_d60,mars_4,60,2,adaptive_full,damped_cv,16.75950384812673,25.608785639985875,-8.849281791859145,-34.555647879069156,True
mars_4_e1_d60,mars_4,60,2,adaptive_full,adaptive_gps_only,16.75950384812673,18.268059198294576,-1.5085553501678461,-8.257885163349362,True
mars_4_e1_d60,mars_4,60,2,adaptive_gps_only,held_gnss,18.268059198294576,24.96708711370028,-6.699027915405704,-26.83143566126992,True
mars_4_e1_d60,mars_4,60,2,adaptive_gps_only,constant_velocity_gnss,18.268059198294576,31.544700059296094,-13.276640861001518,-42.0883407863913,True
mars_4_e1_d60,mars_4,60,2,adaptive_gps_only,damped_cv,18.268059198294576,25.608785639985875,-7.340726441691299,-28.664875191228894,True
mars_4_e2_d10,mars_4,10,0,adaptive_full,held_gnss,11.949581235693065,18.557776345125195,-6.608195109432129,-35.60876576232684,True
mars_4_e2_d10,mars_4,10,0,adaptive_full,constant_velocity_gnss,11.949581235693065,14.789161470726468,-2.8395802350334023,-19.20041403736136,True
mars_4_e2_d10,mars_4,10,0,adaptive_full,damped_cv,11.949581235693065,15.662920752359474,-3.7133395166664087,-23.707835692822673,True
mars_4_e2_d10,mars_4,10,0,adaptive_full,adaptive_gps_only,11.949581235693065,14.50921415210347,-2.559632916410404,-17.641430401241422,True
mars_4_e2_d10,mars_4,10,0,adaptive_gps_only,held_gnss,14.50921415210347,18.557776345125195,-4.048562193021725,-21.81598763628387,True
mars_4_e2_d10,mars_4,10,0,adaptive_gps_only,constant_velocity_gnss,14.50921415210347,14.789161470726468,-0.27994731862299815,-1.8929221861369445,True
mars_4_e2_d10,mars_4,10,0,adaptive_gps_only,damped_cv,14.50921415210347,15.662920752359474,-1.1537066002560046,-7.365845862957644,True
mars_4_e2_d10,mars_4,10,1,adaptive_full,held_gnss,12.461101227731614,18.557776345125195,-6.0966751173935805,-32.852401085192895,True
mars_4_e2_d10,mars_4,10,1,adaptive_full,constant_velocity_gnss,12.461101227731614,14.789161470726468,-2.3280602429948534,-15.741664918616209,True
mars_4_e2_d10,mars_4,10,1,adaptive_full,damped_cv,12.461101227731614,15.662920752359474,-3.20181952462786,-20.442033610784474,True
mars_4_e2_d10,mars_4,10,1,adaptive_full,adaptive_gps_only,12.461101227731614,14.590443302001052,-2.129342074269438,-14.594087583188118,True
mars_4_e2_d10,mars_4,10,1,adaptive_gps_only,held_gnss,14.590443302001052,18.557776345125195,-3.9673330431241425,-21.37827813711254,True
mars_4_e2_d10,mars_4,10,1,adaptive_gps_only,constant_velocity_gnss,14.590443302001052,14.789161470726468,-0.19871816872541537,-1.3436743463701868,True
mars_4_e2_d10,mars_4,10,1,adaptive_gps_only,damped_cv,14.590443302001052,15.662920752359474,-1.0724774503584218,-6.847237927810258,True
mars_4_e2_d10,mars_4,10,2,adaptive_full,held_gnss,13.502794994083763,18.557776345125195,-5.054981351041432,-27.239154395614257,True
mars_4_e2_d10,mars_4,10,2,adaptive_full,constant_velocity_gnss,13.502794994083763,14.789161470726468,-1.286366476642705,-8.698035241476855,True
mars_4_e2_d10,mars_4,10,2,adaptive_full,damped_cv,13.502794994083763,15.662920752359474,-2.1601257582757114,-13.79133427557123,True
mars_4_e2_d10,mars_4,10,2,adaptive_full,adaptive_gps_only,13.502794994083763,14.502159888562263,-0.9993648944785001,-6.891145196011052,True
mars_4_e2_d10,mars_4,10,2,adaptive_gps_only,held_gnss,14.502159888562263,18.557776345125195,-4.055616456562932,-21.85400007597501,True
mars_4_e2_d10,mars_4,10,2,adaptive_gps_only,constant_velocity_gnss,14.502159888562263,14.789161470726468,-0.2870015821642049,-1.9406210604454703,True
mars_4_e2_d10,mars_4,10,2,adaptive_gps_only,damped_cv,14.502159888562263,15.662920752359474,-1.1607608637972113,-7.41088384567325,True
mars_4_e2_d30,mars_4,30,0,adaptive_full,held_gnss,18.726778003367897,33.256678060435156,-14.529900057067259,-43.690172634389505,True
mars_4_e2_d30,mars_4,30,0,adaptive_full,constant_velocity_gnss,18.726778003367897,33.683585786814675,-14.956807783446777,-44.40384666320641,True
mars_4_e2_d30,mars_4,30,0,adaptive_full,damped_cv,18.726778003367897,30.29005089519003,-11.563272891822134,-38.17515174151902,True
mars_4_e2_d30,mars_4,30,0,adaptive_full,adaptive_gps_only,18.726778003367897,24.379023396987904,-5.6522453936200066,-23.184872099176694,True
mars_4_e2_d30,mars_4,30,0,adaptive_gps_only,held_gnss,24.379023396987904,33.256678060435156,-8.877654663447252,-26.694351875176707,True
mars_4_e2_d30,mars_4,30,0,adaptive_gps_only,constant_velocity_gnss,24.379023396987904,33.683585786814675,-9.30456238982677,-27.623431925317792,True
mars_4_e2_d30,mars_4,30,0,adaptive_gps_only,damped_cv,24.379023396987904,30.29005089519003,-5.911027498202127,-19.514749310443648,True
mars_4_e2_d30,mars_4,30,1,adaptive_full,held_gnss,20.488414480704083,33.256678060435156,-12.768263579731073,-38.39308170385555,True
mars_4_e2_d30,mars_4,30,1,adaptive_full,constant_velocity_gnss,20.488414480704083,33.683585786814675,-13.195171306110591,-39.17389137137471,True
mars_4_e2_d30,mars_4,30,1,adaptive_full,damped_cv,20.488414480704083,30.29005089519003,-9.801636414485948,-32.359260301019894,True
mars_4_e2_d30,mars_4,30,1,adaptive_full,adaptive_gps_only,20.488414480704083,24.52473544174909,-4.036320961045007,-16.458163108964158,True
mars_4_e2_d30,mars_4,30,1,adaptive_gps_only,held_gnss,24.52473544174909,33.256678060435156,-8.731942618686066,-26.25620816011174,True
mars_4_e2_d30,mars_4,30,1,adaptive_gps_only,constant_velocity_gnss,24.52473544174909,33.683585786814675,-9.158850345065584,-27.190841269194046,True
mars_4_e2_d30,mars_4,30,1,adaptive_gps_only,damped_cv,24.52473544174909,30.29005089519003,-5.765315453440941,-19.033693516693482,True
mars_4_e2_d30,mars_4,30,2,adaptive_full,held_gnss,23.587910324401157,33.256678060435156,-9.668767736033999,-29.073161542062586,True
mars_4_e2_d30,mars_4,30,2,adaptive_full,constant_velocity_gnss,23.587910324401157,33.683585786814675,-10.095675462413517,-29.97209242005771,True
mars_4_e2_d30,mars_4,30,2,adaptive_full,damped_cv,23.587910324401157,30.29005089519003,-6.702140570788874,-22.126541133851823,True
mars_4_e2_d30,mars_4,30,2,adaptive_full,adaptive_gps_only,23.587910324401157,24.52987804316815,-0.9419677187669926,-3.8400831716704817,True
mars_4_e2_d30,mars_4,30,2,adaptive_gps_only,held_gnss,24.52987804316815,33.256678060435156,-8.726800017267006,-26.240744795401305,True
mars_4_e2_d30,mars_4,30,2,adaptive_gps_only,constant_velocity_gnss,24.52987804316815,33.683585786814675,-9.153707743646525,-27.175573888067795,True
mars_4_e2_d30,mars_4,30,2,adaptive_gps_only,damped_cv,24.52987804316815,30.29005089519003,-5.760172852021881,-19.016715660047236,True
mars_4_e2_d60,mars_4,60,0,adaptive_full,held_gnss,34.615931614151094,52.24204008053458,-17.626108466383485,-33.739318830603985,True
mars_4_e2_d60,mars_4,60,0,adaptive_full,constant_velocity_gnss,34.615931614151094,71.2809927581726,-36.66506114402151,-51.43736040322998,True
mars_4_e2_d60,mars_4,60,0,adaptive_full,damped_cv,34.615931614151094,50.655518337062134,-16.03958672291104,-31.664046187788525,True
mars_4_e2_d60,mars_4,60,0,adaptive_full,adaptive_gps_only,34.615931614151094,41.10692544464053,-6.490993830489437,-15.790511599392126,True
mars_4_e2_d60,mars_4,60,0,adaptive_gps_only,held_gnss,41.10692544464053,52.24204008053458,-11.135114635894048,-21.31447129309753,True
mars_4_e2_d60,mars_4,60,0,adaptive_gps_only,constant_velocity_gnss,41.10692544464053,71.2809927581726,-30.17406731353207,-42.33115469631631,True
mars_4_e2_d60,mars_4,60,0,adaptive_gps_only,damped_cv,41.10692544464053,50.655518337062134,-9.548592892421603,-18.85005465522079,True
mars_4_e2_d60,mars_4,60,1,adaptive_full,held_gnss,37.92447697751034,52.24204008053458,-14.317563103024241,-27.406209789956065,True
mars_4_e2_d60,mars_4,60,1,adaptive_full,constant_velocity_gnss,37.92447697751034,71.2809927581726,-33.356515780662264,-46.7958069745568,True
mars_4_e2_d60,mars_4,60,1,adaptive_full,damped_cv,37.92447697751034,50.655518337062134,-12.731041359551796,-25.132585308552894,True
mars_4_e2_d60,mars_4,60,1,adaptive_full,adaptive_gps_only,37.92447697751034,41.16736633258032,-3.242889355069984,-7.877330137836689,True
mars_4_e2_d60,mars_4,60,1,adaptive_gps_only,held_gnss,41.16736633258032,52.24204008053458,-11.074673747954257,-21.198777327382146,True
mars_4_e2_d60,mars_4,60,1,adaptive_gps_only,constant_velocity_gnss,41.16736633258032,71.2809927581726,-30.11362642559228,-42.24636226343755,True
mars_4_e2_d60,mars_4,60,1,adaptive_gps_only,damped_cv,41.16736633258032,50.655518337062134,-9.488152004481812,-18.73073717526211,True
mars_4_e2_d60,mars_4,60,2,adaptive_full,held_gnss,42.62523879035509,52.24204008053458,-9.616801290179488,-18.408165675296274,True
mars_4_e2_d60,mars_4,60,2,adaptive_full,constant_velocity_gnss,42.62523879035509,71.2809927581726,-28.65575396781751,-40.20111513462617,True
mars_4_e2_d60,mars_4,60,2,adaptive_full,damped_cv,42.62523879035509,50.655518337062134,-8.030279546707042,-15.85272406704737,True
mars_4_e2_d60,mars_4,60,2,adaptive_full,adaptive_gps_only,42.62523879035509,41.70423478714125,0.921004003213838,2.2084184206104003,False
mars_4_e2_d60,mars_4,60,2,adaptive_gps_only,held_gnss,41.70423478714125,52.24204008053458,-10.537805293393326,-20.171121336664108,True
mars_4_e2_d60,mars_4,60,2,adaptive_gps_only,constant_velocity_gnss,41.70423478714125,71.2809927581726,-29.57675797103135,-41.49319029740965,True
mars_4_e2_d60,mars_4,60,2,adaptive_gps_only,damped_cv,41.70423478714125,50.655518337062134,-8.95128354992088,-17.670895183342086,True
mars_5_e1_d10,mars_5,10,0,adaptive_full,held_gnss,0.8853197616741668,0.5871649756165576,0.29815478605760926,50.778707593130754,False
mars_5_e1_d10,mars_5,10,0,adaptive_full,constant_velocity_gnss,0.8853197616741668,0.9331397791179162,-0.04782001744374942,-5.124636042089321,True
mars_5_e1_d10,mars_5,10,0,adaptive_full,damped_cv,0.8853197616741668,0.2663587387180136,0.6189610229561533,232.37871824112733,False
mars_5_e1_d10,mars_5,10,0,adaptive_full,adaptive_gps_only,0.8853197616741668,2.3391239552074667,-1.4538041935333,-62.15165255764976,True
mars_5_e1_d10,mars_5,10,0,adaptive_gps_only,held_gnss,2.3391239552074667,0.5871649756165576,1.7519589795909092,298.3759339104397,False
mars_5_e1_d10,mars_5,10,0,adaptive_gps_only,constant_velocity_gnss,2.3391239552074667,0.9331397791179162,1.4059841760895506,150.67240809502383,False
mars_5_e1_d10,mars_5,10,0,adaptive_gps_only,damped_cv,2.3391239552074667,0.2663587387180136,2.072765216489453,778.1855502341264,False
mars_5_e1_d10,mars_5,10,1,adaptive_full,held_gnss,1.0447232256610548,0.5871649756165576,0.45755825004449724,77.92669335633215,False
mars_5_e1_d10,mars_5,10,1,adaptive_full,constant_velocity_gnss,1.0447232256610548,0.9331397791179162,0.11158344654313856,11.957849085441069,False
mars_5_e1_d10,mars_5,10,1,adaptive_full,damped_cv,1.0447232256610548,0.2663587387180136,0.7783644869430413,292.2241225083565,False
mars_5_e1_d10,mars_5,10,1,adaptive_full,adaptive_gps_only,1.0447232256610548,2.288245120079916,-1.2435218944188613,-54.343911126769136,True
mars_5_e1_d10,mars_5,10,1,adaptive_gps_only,held_gnss,2.288245120079916,0.5871649756165576,1.7010801444633585,289.7107653052918,False
mars_5_e1_d10,mars_5,10,1,adaptive_gps_only,constant_velocity_gnss,2.288245120079916,0.9331397791179162,1.355105340962,145.21997360812992,False
mars_5_e1_d10,mars_5,10,1,adaptive_gps_only,damped_cv,2.288245120079916,0.2663587387180136,2.0218863813619024,759.0839298508678,False
mars_5_e1_d10,mars_5,10,2,adaptive_full,held_gnss,0.8748548434394955,0.5871649756165576,0.28768986782293793,48.996428562661926,False
mars_5_e1_d10,mars_5,10,2,adaptive_full,constant_velocity_gnss,0.8748548434394955,0.9331397791179162,-0.058284935678420746,-6.246109852214924,True
mars_5_e1_d10,mars_5,10,2,adaptive_full,damped_cv,0.8748548434394955,0.2663587387180136,0.6084961047214819,228.44983710697,False
mars_5_e1_d10,mars_5,10,2,adaptive_full,adaptive_gps_only,0.8748548434394955,2.233260125506774,-1.3584052820672783,-60.82611096452669,True
mars_5_e1_d10,mars_5,10,2,adaptive_gps_only,held_gnss,2.233260125506774,0.5871649756165576,1.6460951498902163,280.34627715348995,False
mars_5_e1_d10,mars_5,10,2,adaptive_gps_only,constant_velocity_gnss,2.233260125506774,0.9331397791179162,1.3001203463888578,139.3275022117097,False
mars_5_e1_d10,mars_5,10,2,adaptive_gps_only,damped_cv,2.233260125506774,0.2663587387180136,1.9669013867887604,738.4407195556902,False
mars_5_e1_d30,mars_5,30,0,adaptive_full,held_gnss,3.161059537827538,0.5995465744024691,2.561512963425069,427.2416977743506,False
mars_5_e1_d30,mars_5,30,0,adaptive_full,constant_velocity_gnss,3.161059537827538,3.485750097341764,-0.324690559514226,-9.314797402195737,True
mars_5_e1_d30,mars_5,30,0,adaptive_full,damped_cv,3.161059537827538,0.43656803768003616,2.7244915001475016,624.0703086340693,False
mars_5_e1_d30,mars_5,30,0,adaptive_full,adaptive_gps_only,3.161059537827538,6.549072854672307,-3.388013316844769,-51.732716859725535,True
mars_5_e1_d30,mars_5,30,0,adaptive_gps_only,held_gnss,6.549072854672307,0.5995465744024691,5.949526280269838,992.3376321846827,False
mars_5_e1_d30,mars_5,30,0,adaptive_gps_only,constant_velocity_gnss,6.549072854672307,3.485750097341764,3.063322757330543,87.88130737388879,False
mars_5_e1_d30,mars_5,30,0,adaptive_gps_only,damped_cv,6.549072854672307,0.43656803768003616,6.112504816992271,1400.1265070788736,False
mars_5_e1_d30,mars_5,30,1,adaptive_full,held_gnss,3.223659774964158,0.5995465744024691,2.6241132005616885,437.6829611906264,False
mars_5_e1_d30,mars_5,30,1,adaptive_full,constant_velocity_gnss,3.223659774964158,3.485750097341764,-0.2620903223776061,-7.518907410415808,True
mars_5_e1_d30,mars_5,30,1,adaptive_full,damped_cv,3.223659774964158,0.43656803768003616,2.7870917372841215,638.4094795613053,False
mars_5_e1_d30,mars_5,30,1,adaptive_full,adaptive_gps_only,3.223659774964158,6.423163947261611,-3.1995041722974533,-49.811964922077046,True
mars_5_e1_d30,mars_5,30,1,adaptive_gps_only,held_gnss,6.423163947261611,0.5995465744024691,5.823617372859142,971.3369438668183,False
mars_5_e1_d30,mars_5,30,1,adaptive_gps_only,constant_velocity_gnss,6.423163947261611,3.485750097341764,2.937413849919847,84.26920369764665,False
mars_5_e1_d30,mars_5,30,1,adaptive_gps_only,damped_cv,6.423163947261611,0.43656803768003616,5.986595909581575,1371.2858919757186,False
mars_5_e1_d30,mars_5,30,2,adaptive_full,held_gnss,2.778436056065944,0.5995465744024691,2.178889481663475,363.42288901159003,False
mars_5_e1_d30,mars_5,30,2,adaptive_full,constant_velocity_gnss,2.778436056065944,3.485750097341764,-0.7073140412758199,-20.29158779383577,True
mars_5_e1_d30,mars_5,30,2,adaptive_full,damped_cv,2.778436056065944,0.43656803768003616,2.3418680183859077,536.4268146680678,False
mars_5_e1_d30,mars_5,30,2,adaptive_full,adaptive_gps_only,2.778436056065944,6.282295031326098,-3.5038589752601537,-55.773550235837014,True
mars_5_e1_d30,mars_5,30,2,adaptive_gps_only,held_gnss,6.282295031326098,0.5995465744024691,5.682748456923629,947.841035133471,False
mars_5_e1_d30,mars_5,30,2,adaptive_gps_only,constant_velocity_gnss,6.282295031326098,3.485750097341764,2.796544933984334,80.2279238582531,False
mars_5_e1_d30,mars_5,30,2,adaptive_gps_only,damped_cv,6.282295031326098,0.43656803768003616,5.845726993646061,1339.0185467334732,False
mars_5_e1_d60,mars_5,60,0,adaptive_full,held_gnss,10.10476281194166,6.330690751632288,3.774072060309372,59.615486024748186,False
mars_5_e1_d60,mars_5,60,0,adaptive_full,constant_velocity_gnss,10.10476281194166,12.178495665904865,-2.0737328539632056,-17.027824378743798,True
mars_5_e1_d60,mars_5,60,0,adaptive_full,damped_cv,10.10476281194166,6.760384290077309,3.3443785218643507,49.470242790385896,False
mars_5_e1_d60,mars_5,60,0,adaptive_full,adaptive_gps_only,10.10476281194166,14.951255613944598,-4.846492802002938,-32.41528957262129,True
mars_5_e1_d60,mars_5,60,0,adaptive_gps_only,held_gnss,14.951255613944598,6.330690751632288,8.62056486231231,136.17099935089402,False
mars_5_e1_d60,mars_5,60,0,adaptive_gps_only,constant_velocity_gnss,14.951255613944598,12.178495665904865,2.7727599480397327,22.767672002400108,False
mars_5_e1_d60,mars_5,60,0,adaptive_gps_only,damped_cv,14.951255613944598,6.760384290077309,8.190871323867288,121.15984790819667,False
mars_5_e1_d60,mars_5,60,1,adaptive_full,held_gnss,10.277409784050636,6.330690751632288,3.9467190324183488,62.34262874711954,False
mars_5_e1_d60,mars_5,60,1,adaptive_full,constant_velocity_gnss,10.277409784050636,12.178495665904865,-1.9010858818542289,-15.61018646314867,True
mars_5_e1_d60,mars_5,60,1,adaptive_full,damped_cv,10.277409784050636,6.760384290077309,3.5170254939733274,52.024046904190236,False
mars_5_e1_d60,mars_5,60,1,adaptive_full,adaptive_gps_only,10.277409784050636,14.776941668238557,-4.49953188418792,-30.44968292633366,True
mars_5_e1_d60,mars_5,60,1,adaptive_gps_only,held_gnss,14.776941668238557,6.330690751632288,8.44625091660627,133.4175250059168,False
mars_5_e1_d60,mars_5,60,1,adaptive_gps_only,constant_velocity_gnss,14.776941668238557,12.178495665904865,2.5984460023336915,21.33634624191186,False
mars_5_e1_d60,mars_5,60,1,adaptive_gps_only,damped_cv,14.776941668238557,6.760384290077309,8.016557378161249,118.58138582340227,False
mars_5_e1_d60,mars_5,60,2,adaptive_full,held_gnss,11.140970484646068,6.330690751632288,4.810279733013781,75.9834893494602,False
mars_5_e1_d60,mars_5,60,2,adaptive_full,constant_velocity_gnss,11.140970484646068,12.178495665904865,-1.037525181258797,-8.519321349051927,True
mars_5_e1_d60,mars_5,60,2,adaptive_full,damped_cv,11.140970484646068,6.760384290077309,4.380586194568759,64.79788731830605,False
mars_5_e1_d60,mars_5,60,2,adaptive_full,adaptive_gps_only,11.140970484646068,14.583461326957027,-3.442490842310958,-23.605444312096417,True
mars_5_e1_d60,mars_5,60,2,adaptive_gps_only,held_gnss,14.583461326957027,6.330690751632288,8.252770575324739,130.36129703850827,False
mars_5_e1_d60,mars_5,60,2,adaptive_gps_only,constant_velocity_gnss,14.583461326957027,12.178495665904865,2.4049656610521613,19.747641474185897,False
mars_5_e1_d60,mars_5,60,2,adaptive_gps_only,damped_cv,14.583461326957027,6.760384290077309,7.823077036879718,115.71941329374127,False
