duration_s,method,seed,relative_motion_rmse3d_m
10,adaptive_full,0.0,5.026905803393173
10,adaptive_full,1.0,5.203503946593465
10,adaptive_full,2.0,5.211846405736314
10,adaptive_gps_only,0.0,6.364662488919866
10,adaptive_gps_only,1.0,6.36020991668629
10,adaptive_gps_only,2.0,6.294845239663089
30,adaptive_full,0.0,9.643473384383785
30,adaptive_full,1.0,10.44106081856054
30,adaptive_full,2.0,10.503005739373455
30,adaptive_gps_only,0.0,12.755560828112516
30,adaptive_gps_only,1.0,12.748788341225058
30,adaptive_gps_only,2.0,12.701760069260617
60,adaptive_full,0.0,20.05655820671563
60,adaptive_full,1.0,21.982620931275303
60,adaptive_full,2.0,23.50857104104263
60,adaptive_gps_only,0.0,24.608661958406458
60,adaptive_gps_only,1.0,24.621950399050135
60,adaptive_gps_only,2.0,24.85191843746429
