flight,duration_s,method,seed,relative_motion_rmse3d_m
mars_4,10,adaptive_full,0.0,7.097698824252675
mars_4,10,adaptive_full,1.0,7.28289430705967
mars_4,10,adaptive_full,2.0,7.380342186884723
mars_4,10,adaptive_gps_only,0.0,8.377431755776065
mars_4,10,adaptive_gps_only,1.0,8.396192314989475
mars_4,10,adaptive_gps_only,2.0,8.325637796741248
mars_4,30,adaptive_full,0.0,12.88468030766191
mars_4,30,adaptive_full,1.0,14.049761340358732
mars_4,30,adaptive_full,2.0,14.36529058102721
mars_4,30,adaptive_gps_only,0.0,15.858804814832624
mars_4,30,adaptive_gps_only,1.0,15.91160053820678
mars_4,30,adaptive_gps_only,2.0,15.911492588227876
mars_4,60,adaptive_full,0.0,25.032455904102612
mars_4,60,adaptive_full,1.0,27.835226504887636
mars_4,60,adaptive_full,2.0,29.692371319240912
mars_4,60,adaptive_gps_only,0.0,29.43736513063739
mars_4,60,adaptive_gps_only,1.0,29.544454764455924
mars_4,60,adaptive_gps_only,2.0,29.986146992717913
mars_5,10,adaptive_full,0.0,0.8853197616741668
mars_5,10,adaptive_full,1.0,1.0447232256610548
mars_5,10,adaptive_full,2.0,0.8748548434394955
mars_5,10,adaptive_gps_only,0.0,2.3391239552074667
mars_5,10,adaptive_gps_only,1.0,2.288245120079916
mars_5,10,adaptive_gps_only,2.0,2.233260125506774
mars_5,30,adaptive_full,0.0,3.161059537827538
mars_5,30,adaptive_full,1.0,3.223659774964158
mars_5,30,adaptive_full,2.0,2.778436056065944
mars_5,30,adaptive_gps_only,0.0,6.549072854672307
mars_5,30,adaptive_gps_only,1.0,6.423163947261611
mars_5,30,adaptive_gps_only,2.0,6.282295031326098
mars_5,60,adaptive_full,0.0,10.10476281194166
mars_5,60,adaptive_full,1.0,10.277409784050636
mars_5,60,adaptive_full,2.0,11.140970484646068
mars_5,60,adaptive_gps_only,0.0,14.951255613944598
mars_5,60,adaptive_gps_only,1.0,14.776941668238557
mars_5,60,adaptive_gps_only,2.0,14.583461326957028
