scenario,flight,split,method,seed,duration_s,status,n_native_gt,relative_motion_rmse3d_m,absolute_rmse3d_m,absolute_rmse_h_m,absolute_rmse_v_m,final_unavailable_error_m,final_relative_motion_error_m,recovery_first_5s_rmse3d_m,first_recovered_fix_error_m,inference_ms,reason
mars_4_e1_d10,mars_4,validation,held_gnss,,10,complete,29,0.505638754841268,2.693867746558548,1.9935194872448374,1.8118508464891667,3.000195882566154,0.8214462111901781,2.9427343432681736,2.9530275469200427,0.0830930000574881,
mars_4_e1_d10,mars_4,validation,constant_velocity_gnss,,10,complete,29,1.4882019585511368,2.4548701784478797,2.3746778771685886,0.6223283479955023,2.8038903476507726,2.2932269496163564,2.932554368285694,2.9530275469200427,0.0830930000574881,
mars_4_e1_d10,mars_4,validation,damped_cv,,10,complete,29,0.6434936184202991,2.3783076632872966,2.2001716764958714,0.9031012873407005,2.507745707111811,0.6358062693659873,2.916835747013708,2.9530275469200427,0.05295899995871878,
mars_4_e1_d10,mars_4,validation,adaptive_full,0.0,10,complete,29,2.245816412812287,1.8124642190336249,0.9683747710442859,1.532082519997567,2.378102357850327,3.606266647367754,2.9119949743356517,2.9530275469200427,1.613617000089107,
mars_4_e1_d10,mars_4,validation,adaptive_gps_only,0.0,10,complete,29,2.245649359448663,1.8686247078458085,1.1008088351223997,1.5099596707489573,2.2778068636954383,3.4943870956311858,2.906933039103942,2.9530275469200427,1.5872300000410178,
mars_4_e1_d10,mars_4,validation,adaptive_full,1.0,10,complete,29,2.104687386387726,1.6667791599205157,1.0799315604161417,1.269606471613349,1.8117630556625637,3.2382582595224516,2.8882419404823145,2.9530275469200427,1.9216849999565966,
mars_4_e1_d10,mars_4,validation,adaptive_gps_only,1.0,10,complete,29,2.2019413279778983,1.8445008514617787,1.08701010012164,1.4901652369038705,2.2052156188650067,3.4202168436118225,2.9037254178838103,2.9530275469200427,1.8064319999666623,
mars_4_e1_d10,mars_4,validation,adaptive_full,2.0,10,complete,29,1.257889379685682,1.9619579407947612,1.1381078670419316,1.598120597584827,2.2183753555079337,2.2730690209611155,2.904578708153638,2.9530275469200427,1.667828999984522,
mars_4_e1_d10,mars_4,validation,adaptive_gps_only,2.0,10,complete,29,2.149115704920229,1.7971175929147842,1.071423513400546,1.4428039706405922,2.0860095962139895,3.328889856969031,2.898701553816613,2.9530275469200427,1.5088390000528307,
mars_4_e1_d30,mars_4,validation,held_gnss,,30,complete,115,5.346875227228348,6.005079020145959,5.283606637936581,2.8538526475187274,17.189280130341896,16.67429571272127,2.5983106903385833,2.5460928608689124,0.06009300000187068,
mars_4_e1_d30,mars_4,validation,constant_velocity_gnss,,30,complete,115,9.552351248184003,9.45467152278622,6.364850591448302,6.991386883324719,23.816958051159794,23.808220652818186,2.5983106903385833,2.5460928608689124,0.06009300000187068,
mars_4_e1_d30,mars_4,validation,damped_cv,,30,complete,115,6.031368475740363,6.431814989614929,5.516606910932078,3.30685534169424,18.14166720644861,17.733631991237836,2.5983106903385833,2.5460928608689124,0.06236999990960612,
mars_4_e1_d30,mars_4,validation,adaptive_full,0.0,30,complete,115,7.042582611955923,5.566868380269551,4.407669687065152,3.400363435424502,13.873317856738655,15.029246145472163,2.5983106903385833,2.5460928608689124,1.7751220000263856,
mars_4_e1_d30,mars_4,validation,adaptive_gps_only,0.0,30,complete,115,7.338586232677343,6.0257526128380325,5.00068197772566,3.361974763256584,15.276827977077394,16.17383077940365,2.5983106903385833,2.5460928608689124,1.7105609999816807,
mars_4_e1_d30,mars_4,validation,adaptive_full,1.0,30,complete,115,7.611108200013381,6.3106631339586094,4.967841212591081,3.891660683665251,16.388413468840813,17.290798278330076,2.5983106903385833,2.5460928608689124,1.758501000040269,
mars_4_e1_d30,mars_4,validation,adaptive_gps_only,1.0,30,complete,115,7.298465634664472,6.001296032839229,4.94636451254762,3.398386702949122,15.358208614603022,16.234988523030047,2.5983106903385833,2.5460928608689124,1.9183519999614873,
mars_4_e1_d30,mars_4,validation,adaptive_full,2.0,30,complete,115,5.14267083765326,4.203058152375477,2.774030277563431,3.157602548043581,12.42392557968326,13.113544243914216,2.5983106903385833,2.5460928608689124,1.8570040000440713,
mars_4_e1_d30,mars_4,validation,adaptive_gps_only,2.0,30,complete,115,7.293107133287602,6.009302156354701,4.882163562355124,3.5037396245698953,15.564555493127843,16.420488418965327,2.5983106903385833,2.5460928608689124,1.8241440000110742,
mars_4_e1_d60,mars_4,validation,held_gnss,,60,complete,231,24.96708711370028,25.865797774368218,24.548413453111632,8.149533203785351,49.253468783896224,47.865742094996,1.6812522935441816,1.3544766518031564,0.08736100005535263,
mars_4_e1_d60,mars_4,validation,constant_velocity_gnss,,60,complete,231,31.544700059296094,31.99268479443216,26.578196671575792,17.808181884822737,57.93524570357578,57.054658685013436,1.6812522935441816,1.3544766518031564,0.08736100005535263,
mars_4_e1_d60,mars_4,validation,damped_cv,,60,complete,231,25.608785639985875,26.435762787816323,24.77859543416496,9.21253290271866,49.79858715537043,48.455461001428006,1.6812522935441816,1.3544766518031564,0.1410120000855386,
mars_4_e1_d60,mars_4,validation,adaptive_full,0.0,60,complete,231,15.448980194054133,15.141414653945331,11.744441581496499,9.556700772836116,27.202695595168045,26.92721608045474,1.6812522935441816,1.3544766518031564,2.291220000074645,
mars_4_e1_d60,mars_4,validation,adaptive_gps_only,0.0,60,complete,231,17.767804816634246,17.754140717351053,14.773941670949503,9.845819423231589,31.243768682930078,30.51585982211576,1.6812522935441816,1.3544766518031564,2.163181000014447,
mars_4_e1_d60,mars_4,validation,adaptive_full,1.0,60,complete,231,17.74597603226493,17.589501517469774,13.827831247168797,10.87113823998636,27.963664448206,27.495201033300095,1.6812522935441816,1.3544766518031564,2.0889319999923828,
mars_4_e1_d60,mars_4,validation,adaptive_gps_only,1.0,60,complete,231,17.921543196331527,17.921696470863377,14.914904363522174,9.93643961490956,31.532985762970554,30.798292315261246,1.6812522935441816,1.3544766518031564,2.1664020000571327,
mars_4_e1_d60,mars_4,validation,adaptive_full,2.0,60,complete,231,16.75950384812673,16.95456768596726,14.319291368384798,9.078285087247798,32.73568777176708,32.05384516335551,1.6812522935441816,1.3544766518031564,2.138818000048559,
mars_4_e1_d60,mars_4,validation,adaptive_gps_only,2.0,60,complete,231,18.268059198294576,18.27720486450302,15.144598305467998,10.232172781234132,32.12475143167221,31.39355162547358,1.6812522935441816,1.3544766518031564,2.190566000081162,
mars_4_e2_d10,mars_4,validation,held_gnss,,10,complete,48,18.557776345125195,18.68655807598481,18.52740433683505,2.433668273733858,25.511162073570635,25.477702452691997,3.0621519987802133,2.432964321568216,0.08974399997896398,
mars_4_e2_d10,mars_4,validation,constant_velocity_gnss,,10,complete,48,14.789161470726468,15.603277748993603,15.007243632933092,4.2714066832869095,20.1620892399233,19.275967852825115,3.0621519987802133,2.432964321568216,0.08974399997896398,
mars_4_e2_d10,mars_4,validation,damped_cv,,10,complete,48,15.662920752359474,16.153446825355527,15.796708762815513,3.376068216487355,21.579321149344672,21.203572435946,3.0621519987802133,2.432964321568216,0.06581700006336177,
mars_4_e2_d10,mars_4,validation,adaptive_full,0.0,10,complete,48,11.949581235693065,12.15927210714858,11.997450042555986,1.97714204144639,15.345884177799942,15.276430700193709,3.0621519987802133,2.432964321568216,1.8544350000411214,
mars_4_e2_d10,mars_4,validation,adaptive_gps_only,0.0,10,complete,48,14.50921415210347,14.7597232065471,14.498681737088065,2.763631129603595,19.29034427420184,19.13609922780972,3.0621519987802133,2.432964321568216,1.5533249999180043,
mars_4_e2_d10,mars_4,validation,adaptive_full,1.0,10,complete,48,12.461101227731614,12.75557456822639,12.47133133279403,2.6777933738908497,16.154227472277753,15.964889972055886,3.0621519987802133,2.432964321568216,1.4740990000063903,
mars_4_e2_d10,mars_4,validation,adaptive_gps_only,1.0,10,complete,48,14.590443302001052,14.837345748266522,14.573467303983083,2.7858355287666696,19.41594697526741,19.265576697601354,3.0621519987802133,2.432964321568216,1.577894999968521,
mars_4_e2_d10,mars_4,validation,adaptive_full,2.0,10,complete,48,13.502794994083763,13.817653468083892,13.633612874930458,2.2476982316541636,17.736735800122833,17.50955045382055,3.0621519987802133,2.432964321568216,1.5877989999353304,
mars_4_e2_d10,mars_4,validation,adaptive_gps_only,2.0,10,complete,48,14.502159888562263,14.769270880222049,14.495067858601095,2.8327319159998914,19.27881081767298,19.103205417851967,3.0621519987802133,2.432964321568216,1.4585060000626981,
mars_4_e2_d30,mars_4,validation,held_gnss,,30,complete,120,33.256678060435156,33.488176178883535,33.36241627213079,2.899504142608759,58.06512127412136,57.51123988617195,3.250257523327791,2.664977419914867,0.13498100008746405,
mars_4_e2_d30,mars_4,validation,constant_velocity_gnss,,30,complete,120,33.683585786814675,34.617939966117206,33.790171179451505,7.525031505652288,68.97494271491065,67.77462357662496,3.250257523327791,2.664977419914867,0.13498100008746405,
mars_4_e2_d30,mars_4,validation,damped_cv,,30,complete,120,30.29005089519003,30.771861479101574,30.498100391194782,4.095525780363259,56.52221227824462,55.80472401312644,3.250257523327791,2.664977419914867,0.11569299999791838,
mars_4_e2_d30,mars_4,validation,adaptive_full,0.0,30,complete,120,18.726778003367897,19.1692326574607,19.071389052398406,1.9343216609230072,35.97431781174048,35.01668363455253,3.250257523327791,2.664977419914867,3.5887100000309147,
mars_4_e2_d30,mars_4,validation,adaptive_gps_only,0.0,30,complete,120,24.379023396987904,24.81784797872065,24.538872258439515,3.7107043238280433,45.09122474194642,44.232423183258355,3.250257523327791,2.664977419914867,2.9872779999777777,
mars_4_e2_d30,mars_4,validation,adaptive_full,1.0,30,complete,120,20.488414480704083,21.020631144811894,20.714463630897132,3.574623086491194,39.89931517127255,38.90725149730896,3.250257523327791,2.664977419914867,2.757801000029758,
mars_4_e2_d30,mars_4,validation,adaptive_gps_only,1.0,30,complete,120,24.52473544174909,24.95745829099309,24.672311808307324,3.7618817605446626,45.25501230128138,44.403894465656954,3.250257523327791,2.664977419914867,1.8654030000107014,
mars_4_e2_d30,mars_4,validation,adaptive_full,2.0,30,complete,120,23.587910324401157,24.121031383043672,23.984918027208117,2.5588790924708897,45.761893740069226,44.81157820193561,3.250257523327791,2.664977419914867,1.8911559999423844,
mars_4_e2_d30,mars_4,validation,adaptive_gps_only,2.0,30,complete,120,24.52987804316815,24.98945746809846,24.685891476569477,3.883264935197743,45.62569669415738,44.75044480135638,3.250257523327791,2.664977419914867,2.0652500001006047,
mars_4_e2_d60,mars_4,validation,held_gnss,,60,complete,244,52.24204008053458,52.696970133369696,52.429472881684276,5.302926982902118,30.689360151721104,30.10491393491468,2.9841492785157326,2.7015005999881696,0.08375400000204536,
mars_4_e2_d60,mars_4,validation,constant_velocity_gnss,,60,complete,244,71.2809927581726,72.2908111861054,71.25685365759503,12.182864554989884,106.5635060554521,105.46322901306587,2.9841492785157326,2.7015005999881696,0.08375400000204536,
mars_4_e2_d60,mars_4,validation,damped_cv,,60,complete,244,50.655518337062134,51.27409370620427,50.91265741804867,6.0773349442853215,30.56132324201534,29.69588830547811,2.9841492785157326,2.7015005999881696,0.062135000007401686,
mars_4_e2_d60,mars_4,validation,adaptive_full,0.0,60,complete,244,34.615931614151094,35.3579526886139,35.043327275189654,4.706382030201939,39.67251102856663,39.0572378533982,2.9841492785157326,2.7015005999881696,2.473195999982636,
mars_4_e2_d60,mars_4,validation,adaptive_gps_only,0.0,60,complete,244,41.10692544464053,41.8312303435703,41.39294256147547,6.03954784393907,30.67720878259103,29.672880498545677,2.9841492785157326,2.7015005999881696,2.2524639999801366,
mars_4_e2_d60,mars_4,validation,adaptive_full,1.0,60,complete,244,37.92447697751034,38.72787546511948,38.28100133012182,5.8662829121186215,41.51780482251037,40.72469810627242,2.9841492785157326,2.7015005999881696,2.2317789999988236,
mars_4_e2_d60,mars_4,validation,adaptive_gps_only,1.0,60,complete,244,41.16736633258032,41.88558506944251,41.43966542872459,6.095602165895833,29.92088425703469,28.90769083038685,2.9841492785157326,2.7015005999881696,2.148244999943927,
mars_4_e2_d60,mars_4,validation,adaptive_full,2.0,60,complete,244,42.62523879035509,43.42214496088951,43.12945239564535,5.0331907430836145,41.12042355468125,40.153378840440276,2.9841492785157326,2.7015005999881696,2.1801579999873866,
mars_4_e2_d60,mars_4,validation,adaptive_gps_only,2.0,60,complete,244,41.70423478714125,42.44530763165963,41.98367454822142,6.243013004571506,32.31343661455886,31.289565184587584,2.9841492785157326,2.7015005999881696,2.2921959999848696,
mars_4_control,mars_4,validation,held_gnss,,0,complete,711,,2.9449144346942773,1.5303400098368922,2.5160644828706475,,,,,0.13013500006309187,
mars_4_control,mars_4,validation,constant_velocity_gnss,,0,complete,711,,2.9449144346942773,1.5303400098368922,2.5160644828706475,,,,,0.13013500006309187,
mars_4_control,mars_4,validation,damped_cv,,0,complete,711,,2.9449144346942773,1.5303400098368922,2.5160644828706475,,,,,0.10076000000935892,
mars_4_control,mars_4,validation,adaptive_full,0.0,0,complete,711,,2.9449144346942773,1.5303400098368922,2.5160644828706475,,,,,3.82631999991645,
mars_4_control,mars_4,validation,adaptive_gps_only,0.0,0,complete,711,,2.9449144346942773,1.5303400098368922,2.5160644828706475,,,,,3.529990000060934,
mars_4_control,mars_4,validation,adaptive_full,1.0,0,complete,711,,2.9449144346942773,1.5303400098368922,2.5160644828706475,,,,,3.4194119999710892,
mars_4_control,mars_4,validation,adaptive_gps_only,1.0,0,complete,711,,2.9449144346942773,1.5303400098368922,2.5160644828706475,,,,,3.64207199993416,
mars_4_control,mars_4,validation,adaptive_full,2.0,0,complete,711,,2.9449144346942773,1.5303400098368922,2.5160644828706475,,,,,3.5607519999985016,
mars_4_control,mars_4,validation,adaptive_gps_only,2.0,0,complete,711,,2.9449144346942773,1.5303400098368922,2.5160644828706475,,,,,3.4066950000806173,
mars_5_e1_d10,mars_5,validation,held_gnss,,10,complete,40,0.5871649756165576,6.203632313923567,3.59620380573263,5.054935417390692,6.22060102758166,0.599731512422308,5.608906500915366,5.611468796799512,0.12346599999091268,
mars_5_e1_d10,mars_5,validation,constant_velocity_gnss,,10,complete,40,0.9331397791179162,5.185223131212543,3.4522275161168454,3.8689357835750293,4.3823727914758965,1.6612573624208253,5.515861328902866,5.611468796799512,0.12346599999091268,
mars_5_e1_d10,mars_5,validation,damped_cv,,10,complete,40,0.2663587387180136,5.622280740228314,3.517288326401917,4.386196934805715,5.391487519172653,0.38604796468450536,5.563399408037416,5.611468796799512,0.0890479999497984,
mars_5_e1_d10,mars_5,validation,adaptive_full,0.0,10,complete,40,0.8853197616741668,5.4798951042508595,3.6776875442105843,4.062494883781499,5.033315519208917,1.5005208144902353,5.545426068530506,5.611468796799512,2.7572139999847423,
mars_5_e1_d10,mars_5,validation,adaptive_gps_only,0.0,10,complete,40,2.3391239552074667,6.95203878350944,4.948159986090759,4.883293560648359,7.776024038658072,3.688857865904105,5.711798680034104,5.611468796799512,2.802512000016577,
mars_5_e1_d10,mars_5,validation,adaptive_full,1.0,10,complete,40,1.0447232256610548,5.211416741173563,3.1212240551622066,4.173346959894525,4.462687346409931,1.6822447869771824,5.519382076664655,5.611468796799512,2.634870000065348,
mars_5_e1_d10,mars_5,validation,adaptive_gps_only,1.0,10,complete,40,2.288245120079916,6.916928130733359,4.92079197768363,4.861039094483287,7.709770519235529,3.6101411744556255,5.706989784058825,5.611468796799512,2.3370150000801004,
mars_5_e1_d10,mars_5,validation,adaptive_full,2.0,10,complete,40,0.8748548434394955,5.730807810818521,3.2164665354570507,4.743047669043976,5.516741281930992,1.376363875039758,5.569734611029272,5.611468796799512,2.555517000018881,
mars_5_e1_d10,mars_5,validation,adaptive_gps_only,2.0,10,complete,40,2.233260125506774,6.865781438705387,4.8892625819338145,4.82017283600633,7.616687755298955,3.52614623190124,5.700302349266485,5.611468796799512,2.571213000010175,
mars_5_e1_d30,mars_5,validation,held_gnss,,30,complete,122,0.5995465744024691,6.216036417684388,3.594904128276661,5.071072179971212,6.22368437054511,0.6080490760649166,6.377110124028476,6.217555972997001,0.08916100000533334,
mars_5_e1_d30,mars_5,validation,constant_velocity_gnss,,30,complete,122,3.485750097341764,4.052329512529031,3.2005784590078865,2.485492306535765,3.2433212328763834,6.124660065125279,6.217585060158699,6.217555972997001,0.08916100000533334,
mars_5_e1_d30,mars_5,validation,damped_cv,,30,complete,122,0.43656803768003616,5.405372278533032,3.484370051581513,4.132458688622941,5.272611870557896,0.5252541148068988,6.315590720372285,6.217555972997001,0.08248799997545575,
mars_5_e1_d30,mars_5,validation,adaptive_full,0.0,30,complete,122,3.161059537827538,5.021282436655263,4.241680598390966,2.6872705501858722,5.113455601972398,5.576605890172693,6.306959585842194,6.217555972997001,2.14795600004436,
mars_5_e1_d30,mars_5,validation,adaptive_gps_only,0.0,30,complete,122,6.549072854672307,9.716545534778032,8.562778211484444,4.592394411452718,13.618663718662608,11.02981437749825,7.15740896934787,6.217555972997001,1.9916990000865553,
mars_5_e1_d30,mars_5,validation,adaptive_full,1.0,30,complete,122,3.223659774964158,4.01499618816229,2.772442513782745,2.904093128452965,2.6837510736952805,5.52913762445327,6.19816154510725,6.217555972997001,1.8714379999664743,
mars_5_e1_d30,mars_5,validation,adaptive_gps_only,1.0,30,complete,122,6.423163947261611,9.597151140941866,8.457760848689336,4.535591631580121,13.410115732406785,10.828730446513717,7.1290423329436665,6.217555972997001,1.8850899999733883,
mars_5_e1_d30,mars_5,validation,adaptive_full,2.0,30,complete,122,2.778436056065944,5.700181595023917,3.75157250341697,4.291593406632918,6.271070478001797,4.907982988917265,6.381366999573606,6.217555972997001,1.9321170000239363,
mars_5_e1_d30,mars_5,validation,adaptive_gps_only,2.0,30,complete,122,6.282295031326098,9.435066356264766,8.33518043896418,4.421000361572954,13.127168778356495,10.595204958022398,7.0910740814894,6.217555972997001,1.907231000018328,
mars_5_e1_d60,mars_5,validation,held_gnss,,60,complete,226,6.330690751632288,6.426742214519098,4.980891564253312,4.061247926072975,2.9730255439590274,7.457616398014753,7.593655483507831,7.475861740735473,0.0947670000641665,
mars_5_e1_d60,mars_5,validation,constant_velocity_gnss,,60,complete,226,12.178495665904865,9.214092130750368,4.95394797641064,7.769034254073846,13.750178687862972,19.141591595355408,8.3026071760027,7.475861740735473,0.0947670000641665,
mars_5_e1_d60,mars_5,validation,damped_cv,,60,complete,226,6.760384290077309,6.077401878549067,4.935935411357473,3.545610696100047,3.174200227914864,8.229165785319893,7.59851592916181,7.475861740735473,0.06890499992096011,
mars_5_e1_d60,mars_5,validation,adaptive_full,0.0,60,complete,226,10.10476281194166,7.955513280281809,4.935554118539415,6.239430831070157,10.431196894246582,15.28833591667188,7.997327561084517,7.475861740735473,2.3831739999877755,
mars_5_e1_d60,mars_5,validation,adaptive_gps_only,0.0,60,complete,226,14.951255613944598,15.809036996761474,15.30694207630318,3.9526162269656644,19.612540754588416,19.509927312392787,9.024565768543274,7.475861740735473,2.223088000050666,
mars_5_e1_d60,mars_5,validation,adaptive_full,1.0,60,complete,226,10.277409784050636,7.4857506159027665,5.149601276722637,5.433053374877265,9.257152507720697,14.9090857090281,7.901782178887788,7.475861740735473,2.215277999994214,
mars_5_e1_d60,mars_5,validation,adaptive_gps_only,1.0,60,complete,226,14.776941668238557,15.606704533840194,15.098342493521965,3.9508581795474464,19.281690215654347,19.23359017181016,8.979626899463348,7.475861740735473,2.3764320000054795,
mars_5_e1_d60,mars_5,validation,adaptive_full,2.0,60,complete,226,11.140970484646068,10.180386965521269,9.412512063368824,3.878774990211697,10.461632699340793,13.969781037092353,7.997641173297009,7.475861740735473,2.212966999991295,
mars_5_e1_d60,mars_5,validation,adaptive_gps_only,2.0,60,complete,226,14.583461326957027,15.342690258920426,14.816873380889035,3.982261618210656,18.815689676703123,18.9013531047473,8.917196758274352,7.475861740735473,2.2250549999398572,
mars_5_control,mars_5,validation,held_gnss,,0,complete,348,,6.648175247783689,3.486029714776712,5.6609037222812315,,,,,0.09184900000036578,
mars_5_control,mars_5,validation,constant_velocity_gnss,,0,complete,348,,6.648175247783689,3.486029714776712,5.6609037222812315,,,,,0.09184900000036578,
mars_5_control,mars_5,validation,damped_cv,,0,complete,348,,6.648175247783689,3.486029714776712,5.6609037222812315,,,,,0.06890099996326171,
mars_5_control,mars_5,validation,adaptive_full,0.0,0,complete,348,,6.648175247783689,3.486029714776712,5.6609037222812315,,,,,2.5750610000159213,
mars_5_control,mars_5,validation,adaptive_gps_only,0.0,0,complete,348,,6.648175247783689,3.486029714776712,5.6609037222812315,,,,,2.284286999952201,
mars_5_control,mars_5,validation,adaptive_full,1.0,0,complete,348,,6.648175247783689,3.486029714776712,5.6609037222812315,,,,,2.3133119999556584,
mars_5_control,mars_5,validation,adaptive_gps_only,1.0,0,complete,348,,6.648175247783689,3.486029714776712,5.6609037222812315,,,,,2.3131389999662133,
mars_5_control,mars_5,validation,adaptive_full,2.0,0,complete,348,,6.648175247783689,3.486029714776712,5.6609037222812315,,,,,2.3311899999498564,
mars_5_control,mars_5,validation,adaptive_gps_only,2.0,0,complete,348,,6.648175247783689,3.486029714776712,5.6609037222812315,,,,,2.6856910000105927,
