method,seed,epoch,mean_batch_huber_train_loss,validation_macro_relative_rmse3d_m,selected_best_so_far,epochs_without_improvement,epoch_wall_seconds,episode_order_sha256
adaptive_full,0,1,9.545715808868408,16.22398161107265,True,0,1.0704771499999879,c8836593070d1437dd140daa935155c336300b3348fe4503ba9af6ae52923982
adaptive_full,0,2,9.739502239227296,16.216992573741397,True,0,0.09807336999995186,43278eeab7bde6abed0bd580566dbc4e4c27efde9661d77edb8468ef7d47405b
adaptive_full,0,3,8.23755054473877,16.15812251505207,True,0,0.0947174069999619,45308151a4fbc5132f52b5ad626ab16bb28b3444d6337db406878e020fc12c0e
adaptive_full,0,4,9.336893844604493,16.082875394062636,True,0,0.07826404700006151,c439e7e333887e8b674d8274f673283e54750b1b409b2b82a09be1911cd1c53f
adaptive_full,0,5,8.532657527923584,15.967912593222227,True,0,0.08078546899992034,a682295ee242bb27cdf5cf1bd8d3be5fe6f08e764fca70aa0dd0bee548854d45
adaptive_full,0,6,8.887301349639893,15.825353408944911,True,0,0.07705229499993038,8d6c4f8a7e2718bb6faa3330f2d7cf2dbfe58d2a2607d6f6cf7d4f0a6908368d
adaptive_full,0,7,6.95624008178711,15.644205976375986,True,0,0.07447315000001709,0e90e1fede51f288e069d97852662feaec407643bad1c5f52457c785e8bc52a0
adaptive_full,0,8,8.59767656326294,15.497415676272883,True,0,0.0742168510000738,7001430c9a0adb26b71190adfffa15bfa537e68dfcd9ce1ed04cacde5ec75972
adaptive_full,0,9,8.29575080871582,15.485540084362539,True,0,0.0720668740000292,af4a25f36af3500bb960dc2935777d0756640f9eea348ce4443d5e8b0dcf4cb7
adaptive_full,0,10,7.689733505249023,15.357006841349293,True,0,0.07449106100000336,1e0512344bf777aa6a497e0992aa4dfbddcde392638012aca19afd246eda5979
adaptive_full,0,11,6.5453064918518065,15.084929646504776,True,0,0.07064968000008776,8bdcb6224a5674ede84941e83681fb1c30848ed9239570c2e01beb4700cfb9bc
adaptive_full,0,12,9.18059196472168,14.758888620139958,True,0,0.07089976900010697,b05f6bba08e1a23cd79eced774e7c925bf9ba243b512be889c1f7d7c3317bae9
adaptive_full,0,13,7.846897602081299,14.407523667601383,True,0,0.06982628799994473,c18c080cf99f69b6ca28c2f25f3ca75301f9b78de83ec288b19fc0c514755a87
adaptive_full,0,14,8.41577320098877,14.132978262264974,True,0,0.06986900200001855,d7a26a20d6152e542b9236f65cf1661c1fdf70d246a7ee273bbcbdf46a1d99ca
adaptive_full,0,15,8.01288537979126,13.992132117419889,True,0,0.07182918300009078,44cba8c04384e8fadf7d5743f778e6fc787d63a5aef2090a36075626c2d33d06
adaptive_full,0,16,7.847591781616211,13.869347169050256,True,0,0.071564035999927,eade21fb584e6960e48c1aaa6ad80ceee19c30a5f8963db1123ff8a466d6420b
adaptive_full,0,17,6.605417919158936,13.69774443485518,True,0,0.06966291000003366,52459f9672190df392bf2bdc3744716d4c231a8c8a540fe0894242c175a5c305
adaptive_full,0,18,7.709504413604736,13.605874701963064,True,0,0.07492722799997864,75d0d9a76547d31757d64f1ef818c6bb675ef6a4d28a8ab3e3c0bcd81c67b921
adaptive_full,0,19,8.070987367630005,13.460664298906424,True,0,0.07032020199994804,26842fdf07c548c0dd1dc13d3d653f717704165c1d3f2e8d0363c9f26e47c069
adaptive_full,0,20,7.839402389526367,13.179948533483284,True,0,0.07104568500005826,637deb26563b7798ccd5efb2e51a2be411a6adb0bcac42c664c58dde61ebd54c
adaptive_full,0,21,8.723669528961182,12.838851713364205,True,0,0.07406078199994681,8b38635adbcb4386d88be4b6a10172e807fa0cecd16d859e5f7fbc6d99855174
adaptive_full,0,22,10.624099349975586,12.816737094905351,True,0,0.07103251099999852,5977f42d106213adccaf4f2dbfb9a3be47853c780a230f4cf9e564a33531802f
adaptive_full,0,23,8.231301307678223,13.49796004671856,False,1,0.0703842310000482,58539332e01ab9b97a0b963937e9ede63b970faa74a0cc7f2f16bdddc03e9882
adaptive_full,0,24,6.658583068847657,13.539238189211286,False,2,0.06934077400001115,d1fad4af9d21966a8f050f6494b89bcbfac56a1fe20bb840083f2961b442f6a0
adaptive_full,0,25,7.350454616546631,12.440831310068956,True,0,0.0921071520000396,169ec3721ea27494e4df8a108bb2f541ba56975643890da875e3c145256b52cd
adaptive_full,0,26,7.099875354766846,11.575645798164196,True,0,0.07888836899996932,b8c4bd93caeb3736f1ead8bd70b0a40997a5806f6e7e712e10c60bfdff876d60
adaptive_full,0,27,6.83920373916626,11.57675684893153,False,1,0.06775310499995157,65f833e07ba44008e4048057f768c5216d66a0fbd68b94695b3e4495519e0ec6
adaptive_full,0,28,8.896644258499146,11.700794549643849,False,2,0.06916899899999862,fb909913514f9254f3f2b364be3be60095cf15635ee4a9e8bc74dc59c476c734
adaptive_full,0,29,6.021965360641479,11.650771349212812,False,3,0.06945663800001967,1f2749add7998edd01c6c25d2fd3785513d2aaff148bb3a3cf6d174d44828402
adaptive_full,0,30,6.827981281280517,11.732014297679733,False,4,0.0730651989999842,c8227bf67ffec7234d5123ccd2ded6e82d1b780bfeb15b91f32c30b2526c4381
adaptive_gps_only,0,1,9.545815181732177,16.219465158436652,True,0,0.0705411980000008,c8836593070d1437dd140daa935155c336300b3348fe4503ba9af6ae52923982
adaptive_gps_only,0,2,9.744133949279785,16.20891590488391,True,0,0.07575717199995324,43278eeab7bde6abed0bd580566dbc4e4c27efde9661d77edb8468ef7d47405b
adaptive_gps_only,0,3,8.243661308288575,16.148822399954664,True,0,0.07192856100004974,45308151a4fbc5132f52b5ad626ab16bb28b3444d6337db406878e020fc12c0e
adaptive_gps_only,0,4,9.348966217041015,16.074713758801717,True,0,0.07205387299995891,c439e7e333887e8b674d8274f673283e54750b1b409b2b82a09be1911cd1c53f
adaptive_gps_only,0,5,8.541024112701416,15.974864604897274,True,0,0.07156496600009632,a682295ee242bb27cdf5cf1bd8d3be5fe6f08e764fca70aa0dd0bee548854d45
adaptive_gps_only,0,6,8.89130458831787,15.861191791951095,True,0,0.0690558300000248,8d6c4f8a7e2718bb6faa3330f2d7cf2dbfe58d2a2607d6f6cf7d4f0a6908368d
adaptive_gps_only,0,7,6.969046211242675,15.721404396946468,True,0,0.07198432600000615,0e90e1fede51f288e069d97852662feaec407643bad1c5f52457c785e8bc52a0
adaptive_gps_only,0,8,8.608223724365235,15.61656272330185,True,0,0.07238519200006976,7001430c9a0adb26b71190adfffa15bfa537e68dfcd9ce1ed04cacde5ec75972
adaptive_gps_only,0,9,8.31341724395752,15.643953003859622,False,1,0.069919349000088,af4a25f36af3500bb960dc2935777d0756640f9eea348ce4443d5e8b0dcf4cb7
adaptive_gps_only,0,10,7.709034252166748,15.603997691515161,True,0,0.07128489199999422,1e0512344bf777aa6a497e0992aa4dfbddcde392638012aca19afd246eda5979
adaptive_gps_only,0,11,6.540126609802246,15.437790184871432,True,0,0.07315029699998377,8bdcb6224a5674ede84941e83681fb1c30848ed9239570c2e01beb4700cfb9bc
adaptive_gps_only,0,12,9.20682168006897,15.210919890941726,True,0,0.07324392999998963,b05f6bba08e1a23cd79eced774e7c925bf9ba243b512be889c1f7d7c3317bae9
adaptive_gps_only,0,13,7.856458711624145,14.941904980179409,True,0,0.07292110800005958,c18c080cf99f69b6ca28c2f25f3ca75301f9b78de83ec288b19fc0c514755a87
adaptive_gps_only,0,14,8.502031993865966,14.777094644003824,True,0,0.07326219699996273,d7a26a20d6152e542b9236f65cf1661c1fdf70d246a7ee273bbcbdf46a1d99ca
adaptive_gps_only,0,15,8.07206859588623,14.70697563192523,True,0,0.0705234009999458,44cba8c04384e8fadf7d5743f778e6fc787d63a5aef2090a36075626c2d33d06
adaptive_gps_only,0,16,7.848814582824707,14.667061515835107,True,0,0.0720949170000722,eade21fb584e6960e48c1aaa6ad80ceee19c30a5f8963db1123ff8a466d6420b
adaptive_gps_only,0,17,6.702081966400146,14.579695008141885,True,0,0.0707297970000127,52459f9672190df392bf2bdc3744716d4c231a8c8a540fe0894242c175a5c305
adaptive_gps_only,0,18,7.689144659042358,14.576295091812947,True,0,0.07074650100003055,75d0d9a76547d31757d64f1ef818c6bb675ef6a4d28a8ab3e3c0bcd81c67b921
adaptive_gps_only,0,19,8.087116003036499,14.607849507827215,False,1,0.06901136199996927,26842fdf07c548c0dd1dc13d3d653f717704165c1d3f2e8d0363c9f26e47c069
adaptive_gps_only,0,20,8.114634799957276,14.651041296856423,False,2,0.07154377200004092,637deb26563b7798ccd5efb2e51a2be411a6adb0bcac42c664c58dde61ebd54c
adaptive_gps_only,0,21,8.814815139770507,14.657390660932514,False,3,0.07039141899997503,8b38635adbcb4386d88be4b6a10172e807fa0cecd16d859e5f7fbc6d99855174
adaptive_gps_only,0,22,10.907190036773681,14.66489321851863,False,4,0.07042083299995738,5977f42d106213adccaf4f2dbfb9a3be47853c780a230f4cf9e564a33531802f
adaptive_gps_only,0,23,8.692119026184082,14.71273927723878,False,5,0.07029279900007168,58539332e01ab9b97a0b963937e9ede63b970faa74a0cc7f2f16bdddc03e9882
adaptive_full,1,1,9.544711303710937,16.194322280239177,True,0,0.06965834999994058,c8836593070d1437dd140daa935155c336300b3348fe4503ba9af6ae52923982
adaptive_full,1,2,9.731237888336182,16.165844635978686,True,0,0.07197995700005322,43278eeab7bde6abed0bd580566dbc4e4c27efde9661d77edb8468ef7d47405b
adaptive_full,1,3,8.221732425689698,16.054132941375126,True,0,0.0711811089998946,45308151a4fbc5132f52b5ad626ab16bb28b3444d6337db406878e020fc12c0e
adaptive_full,1,4,9.314402103424072,15.916525452644244,True,0,0.07140583799991873,c439e7e333887e8b674d8274f673283e54750b1b409b2b82a09be1911cd1c53f
adaptive_full,1,5,8.483695220947265,15.709866028869495,True,0,0.07124667699997644,a682295ee242bb27cdf5cf1bd8d3be5fe6f08e764fca70aa0dd0bee548854d45
adaptive_full,1,6,8.840815925598145,15.466884700899278,True,0,0.06947565500001929,8d6c4f8a7e2718bb6faa3330f2d7cf2dbfe58d2a2607d6f6cf7d4f0a6908368d
adaptive_full,1,7,6.889878273010254,15.172797649542272,True,0,0.07148627699996268,0e90e1fede51f288e069d97852662feaec407643bad1c5f52457c785e8bc52a0
adaptive_full,1,8,8.551958274841308,14.95435472685203,True,0,0.07187281599999551,7001430c9a0adb26b71190adfffa15bfa537e68dfcd9ce1ed04cacde5ec75972
adaptive_full,1,9,8.237220096588135,14.92876516494675,True,0,0.07131260599999223,af4a25f36af3500bb960dc2935777d0756640f9eea348ce4443d5e8b0dcf4cb7
adaptive_full,1,10,7.5603758811950685,14.78405428472266,True,0,0.07157943199990768,1e0512344bf777aa6a497e0992aa4dfbddcde392638012aca19afd246eda5979
adaptive_full,1,11,6.471985626220703,14.53129737041248,True,0,0.07074030700005096,8bdcb6224a5674ede84941e83681fb1c30848ed9239570c2e01beb4700cfb9bc
adaptive_full,1,12,9.151032638549804,14.217285286981168,True,0,0.07084484400002111,b05f6bba08e1a23cd79eced774e7c925bf9ba243b512be889c1f7d7c3317bae9
adaptive_full,1,13,7.829016876220703,13.849861754543245,True,0,0.07520296300003793,c18c080cf99f69b6ca28c2f25f3ca75301f9b78de83ec288b19fc0c514755a87
adaptive_full,1,14,8.26416072845459,13.469912648304122,True,0,0.07372580300000209,d7a26a20d6152e542b9236f65cf1661c1fdf70d246a7ee273bbcbdf46a1d99ca
adaptive_full,1,15,7.9591875076293945,13.231455193528634,True,0,0.07333462500002952,44cba8c04384e8fadf7d5743f778e6fc787d63a5aef2090a36075626c2d33d06
adaptive_full,1,16,7.751474380493164,12.942747408742228,True,0,0.07414857499998107,eade21fb584e6960e48c1aaa6ad80ceee19c30a5f8963db1123ff8a466d6420b
adaptive_full,1,17,6.4321033477783205,12.569767403320773,True,0,0.07367576000001463,52459f9672190df392bf2bdc3744716d4c231a8c8a540fe0894242c175a5c305
adaptive_full,1,18,7.700685596466064,12.542395232143102,True,0,0.07261800399999174,75d0d9a76547d31757d64f1ef818c6bb675ef6a4d28a8ab3e3c0bcd81c67b921
adaptive_full,1,19,7.9371018409729,12.6181527563496,False,1,0.06798312000000806,26842fdf07c548c0dd1dc13d3d653f717704165c1d3f2e8d0363c9f26e47c069
adaptive_full,1,20,7.544557571411133,12.71312511922832,False,2,0.06885897100005423,637deb26563b7798ccd5efb2e51a2be411a6adb0bcac42c664c58dde61ebd54c
adaptive_full,1,21,8.277085018157958,13.318232280270678,False,3,0.06774740599996676,8b38635adbcb4386d88be4b6a10172e807fa0cecd16d859e5f7fbc6d99855174
adaptive_full,1,22,10.340865421295167,14.02172449882951,False,4,0.06796787799999038,5977f42d106213adccaf4f2dbfb9a3be47853c780a230f4cf9e564a33531802f
adaptive_full,1,23,7.782260322570801,15.002665776995213,False,5,0.06786144900002,58539332e01ab9b97a0b963937e9ede63b970faa74a0cc7f2f16bdddc03e9882
adaptive_gps_only,1,1,9.546644973754884,16.212671469947146,True,0,0.0706443980000131,c8836593070d1437dd140daa935155c336300b3348fe4503ba9af6ae52923982
adaptive_gps_only,1,2,9.741403961181641,16.207299153632874,True,0,0.0710659220000025,43278eeab7bde6abed0bd580566dbc4e4c27efde9661d77edb8468ef7d47405b
adaptive_gps_only,1,3,8.243945980072022,16.143178235589588,True,0,0.07316138900000624,45308151a4fbc5132f52b5ad626ab16bb28b3444d6337db406878e020fc12c0e
adaptive_gps_only,1,4,9.334521389007568,16.066009549585942,True,0,0.07077620400002615,c439e7e333887e8b674d8274f673283e54750b1b409b2b82a09be1911cd1c53f
adaptive_gps_only,1,5,8.527690887451172,15.956704678353187,True,0,0.0698445159999892,a682295ee242bb27cdf5cf1bd8d3be5fe6f08e764fca70aa0dd0bee548854d45
adaptive_gps_only,1,6,8.868676090240479,15.822435127296464,True,0,0.06948444199997539,8d6c4f8a7e2718bb6faa3330f2d7cf2dbfe58d2a2607d6f6cf7d4f0a6908368d
adaptive_gps_only,1,7,6.936233615875244,15.671075413315814,True,0,0.07022617799998443,0e90e1fede51f288e069d97852662feaec407643bad1c5f52457c785e8bc52a0
adaptive_gps_only,1,8,8.548357391357422,15.566164087369897,True,0,0.06945237900004031,7001430c9a0adb26b71190adfffa15bfa537e68dfcd9ce1ed04cacde5ec75972
adaptive_gps_only,1,9,8.228410243988037,15.621240320243803,False,1,0.06635220499993011,af4a25f36af3500bb960dc2935777d0756640f9eea348ce4443d5e8b0dcf4cb7
adaptive_gps_only,1,10,7.715575122833252,15.59757954617001,False,2,0.06791813699999238,1e0512344bf777aa6a497e0992aa4dfbddcde392638012aca19afd246eda5979
adaptive_gps_only,1,11,6.580263423919678,15.415015249952031,True,0,0.06955049899988808,8bdcb6224a5674ede84941e83681fb1c30848ed9239570c2e01beb4700cfb9bc
adaptive_gps_only,1,12,9.194638633728028,15.17357845279739,True,0,0.06814875899999606,b05f6bba08e1a23cd79eced774e7c925bf9ba243b512be889c1f7d7c3317bae9
adaptive_gps_only,1,13,7.8121058464050295,14.906177863545135,True,0,0.06793756299998677,c18c080cf99f69b6ca28c2f25f3ca75301f9b78de83ec288b19fc0c514755a87
adaptive_gps_only,1,14,8.440667724609375,14.75582710560844,True,0,0.07038175200000296,d7a26a20d6152e542b9236f65cf1661c1fdf70d246a7ee273bbcbdf46a1d99ca
adaptive_gps_only,1,15,8.082586193084717,14.69699989773399,True,0,0.07120180799995524,44cba8c04384e8fadf7d5743f778e6fc787d63a5aef2090a36075626c2d33d06
adaptive_gps_only,1,16,7.840738201141358,14.662406811644157,True,0,0.07071531000008235,eade21fb584e6960e48c1aaa6ad80ceee19c30a5f8963db1123ff8a466d6420b
adaptive_gps_only,1,17,6.734467601776123,14.578722747051833,True,0,0.07102128499991522,52459f9672190df392bf2bdc3744716d4c231a8c8a540fe0894242c175a5c305
adaptive_gps_only,1,18,7.648549365997314,14.576982885653827,True,0,0.06871053999998367,75d0d9a76547d31757d64f1ef818c6bb675ef6a4d28a8ab3e3c0bcd81c67b921
adaptive_gps_only,1,19,8.074460649490357,14.612199001317236,False,1,0.06776724999997441,26842fdf07c548c0dd1dc13d3d653f717704165c1d3f2e8d0363c9f26e47c069
adaptive_gps_only,1,20,8.11647982597351,14.654862851771043,False,2,0.0691915649999828,637deb26563b7798ccd5efb2e51a2be411a6adb0bcac42c664c58dde61ebd54c
adaptive_gps_only,1,21,8.797028350830079,14.659641129259532,False,3,0.07023274599998786,8b38635adbcb4386d88be4b6a10172e807fa0cecd16d859e5f7fbc6d99855174
adaptive_gps_only,1,22,10.888860607147217,14.665944752823814,False,4,0.06962352099992586,5977f42d106213adccaf4f2dbfb9a3be47853c780a230f4cf9e564a33531802f
adaptive_gps_only,1,23,8.689937114715576,14.710470812974851,False,5,0.06772543199997472,58539332e01ab9b97a0b963937e9ede63b970faa74a0cc7f2f16bdddc03e9882
adaptive_full,2,1,9.54538516998291,16.225041035185107,True,0,0.06758769499992923,c8836593070d1437dd140daa935155c336300b3348fe4503ba9af6ae52923982
adaptive_full,2,2,9.739037132263183,16.22021674496456,True,0,0.07060473300009562,43278eeab7bde6abed0bd580566dbc4e4c27efde9661d77edb8468ef7d47405b
adaptive_full,2,3,8.238655090332031,16.16663745275278,True,0,0.06952457900001718,45308151a4fbc5132f52b5ad626ab16bb28b3444d6337db406878e020fc12c0e
adaptive_full,2,4,9.321200084686279,16.101116554912785,True,0,0.08238307900001018,c439e7e333887e8b674d8274f673283e54750b1b409b2b82a09be1911cd1c53f
adaptive_full,2,5,8.525974941253661,16.01023596559399,True,0,0.07757950799998525,a682295ee242bb27cdf5cf1bd8d3be5fe6f08e764fca70aa0dd0bee548854d45
adaptive_full,2,6,8.854758358001709,15.896219136316931,True,0,0.07635382900002696,8d6c4f8a7e2718bb6faa3330f2d7cf2dbfe58d2a2607d6f6cf7d4f0a6908368d
adaptive_full,2,7,6.940080451965332,15.770137994009344,True,0,0.07055260099991756,0e90e1fede51f288e069d97852662feaec407643bad1c5f52457c785e8bc52a0
adaptive_full,2,8,8.516366100311279,15.677975450369566,True,0,0.06960487200001353,7001430c9a0adb26b71190adfffa15bfa537e68dfcd9ce1ed04cacde5ec75972
adaptive_full,2,9,8.165037059783936,15.725888792819369,False,1,0.06746549699994375,af4a25f36af3500bb960dc2935777d0756640f9eea348ce4443d5e8b0dcf4cb7
adaptive_full,2,10,7.735006618499756,15.686110567184844,False,2,0.06941571599998042,1e0512344bf777aa6a497e0992aa4dfbddcde392638012aca19afd246eda5979
adaptive_full,2,11,6.600018405914307,15.473143572815056,True,0,0.07076645699999062,8bdcb6224a5674ede84941e83681fb1c30848ed9239570c2e01beb4700cfb9bc
adaptive_full,2,12,9.174598217010498,15.205741699260061,True,0,0.06932270300001164,b05f6bba08e1a23cd79eced774e7c925bf9ba243b512be889c1f7d7c3317bae9
adaptive_full,2,13,7.742707538604736,14.917399669072527,True,0,0.06736122800009525,c18c080cf99f69b6ca28c2f25f3ca75301f9b78de83ec288b19fc0c514755a87
adaptive_full,2,14,8.377087020874024,14.720171139817028,True,0,0.0697636469999452,d7a26a20d6152e542b9236f65cf1661c1fdf70d246a7ee273bbcbdf46a1d99ca
adaptive_full,2,15,8.03376932144165,14.617434661228746,True,0,0.07047165799997401,44cba8c04384e8fadf7d5743f778e6fc787d63a5aef2090a36075626c2d33d06
adaptive_full,2,16,7.80621976852417,14.543322796018622,True,0,0.06900175699990996,eade21fb584e6960e48c1aaa6ad80ceee19c30a5f8963db1123ff8a466d6420b
adaptive_full,2,17,6.738401985168457,14.424882778198898,True,0,0.07061270500003047,52459f9672190df392bf2bdc3744716d4c231a8c8a540fe0894242c175a5c305
adaptive_full,2,18,7.556893730163575,14.391768712756734,True,0,0.06960960599997179,75d0d9a76547d31757d64f1ef818c6bb675ef6a4d28a8ab3e3c0bcd81c67b921
adaptive_full,2,19,8.061854553222656,14.376104876566123,True,0,0.08346449199996187,26842fdf07c548c0dd1dc13d3d653f717704165c1d3f2e8d0363c9f26e47c069
adaptive_full,2,20,7.991520881652832,14.349211901347436,True,0,0.07062774999997146,637deb26563b7798ccd5efb2e51a2be411a6adb0bcac42c664c58dde61ebd54c
adaptive_full,2,21,8.76370153427124,14.294431853507806,True,0,0.06895267899994906,8b38635adbcb4386d88be4b6a10172e807fa0cecd16d859e5f7fbc6d99855174
adaptive_full,2,22,10.849070930480957,14.25885257101461,True,0,0.0685237180000513,5977f42d106213adccaf4f2dbfb9a3be47853c780a230f4cf9e564a33531802f
adaptive_full,2,23,8.544432067871094,14.301969787012666,False,1,0.06869086999995488,58539332e01ab9b97a0b963937e9ede63b970faa74a0cc7f2f16bdddc03e9882
adaptive_full,2,24,6.5304924011230465,14.326547363747624,False,2,0.06754411500003243,d1fad4af9d21966a8f050f6494b89bcbfac56a1fe20bb840083f2961b442f6a0
adaptive_full,2,25,7.5786582946777346,14.183825018917013,True,0,0.07114435300002242,169ec3721ea27494e4df8a108bb2f541ba56975643890da875e3c145256b52cd
adaptive_full,2,26,7.155943965911865,13.919382323471705,True,0,0.06862184999999954,b8c4bd93caeb3736f1ead8bd70b0a40997a5806f6e7e712e10c60bfdff876d60
adaptive_full,2,27,7.0675514221191404,13.716768424996003,True,0,0.06916905100001713,65f833e07ba44008e4048057f768c5216d66a0fbd68b94695b3e4495519e0ec6
adaptive_full,2,28,9.284491634368896,13.544895611856965,True,0,0.06976196099992649,fb909913514f9254f3f2b364be3be60095cf15635ee4a9e8bc74dc59c476c734
adaptive_full,2,29,6.409900712966919,13.346666855912655,True,0,0.07168303499997819,1f2749add7998edd01c6c25d2fd3785513d2aaff148bb3a3cf6d174d44828402
adaptive_full,2,30,7.399534606933594,13.074474395384133,True,0,0.0714770239999325,c8227bf67ffec7234d5123ccd2ded6e82d1b780bfeb15b91f32c30b2526c4381
adaptive_gps_only,2,1,9.546298122406006,16.21796781686639,True,0,0.0699451319999298,c8836593070d1437dd140daa935155c336300b3348fe4503ba9af6ae52923982
adaptive_gps_only,2,2,9.739551544189453,16.20960864633556,True,0,0.07372278399998322,43278eeab7bde6abed0bd580566dbc4e4c27efde9661d77edb8468ef7d47405b
adaptive_gps_only,2,3,8.23982276916504,16.142991131580224,True,0,0.0719960799999626,45308151a4fbc5132f52b5ad626ab16bb28b3444d6337db406878e020fc12c0e
adaptive_gps_only,2,4,9.325128841400147,16.063687869632815,True,0,0.07282203500005835,c439e7e333887e8b674d8274f673283e54750b1b409b2b82a09be1911cd1c53f
adaptive_gps_only,2,5,8.516604995727539,15.956047252982959,True,0,0.07397256499996274,a682295ee242bb27cdf5cf1bd8d3be5fe6f08e764fca70aa0dd0bee548854d45
adaptive_gps_only,2,6,8.844812202453614,15.83403663891779,True,0,0.07279108399995948,8d6c4f8a7e2718bb6faa3330f2d7cf2dbfe58d2a2607d6f6cf7d4f0a6908368d
adaptive_gps_only,2,7,6.927376461029053,15.700521100517888,True,0,0.0725513370000499,0e90e1fede51f288e069d97852662feaec407643bad1c5f52457c785e8bc52a0
adaptive_gps_only,2,8,8.52694263458252,15.607005525293918,True,0,0.07384058299999197,7001430c9a0adb26b71190adfffa15bfa537e68dfcd9ce1ed04cacde5ec75972
adaptive_gps_only,2,9,8.201819515228271,15.662991164945389,False,1,0.06999102300005688,af4a25f36af3500bb960dc2935777d0756640f9eea348ce4443d5e8b0dcf4cb7
adaptive_gps_only,2,10,7.702908611297607,15.640438990796042,False,2,0.0708781009999484,1e0512344bf777aa6a497e0992aa4dfbddcde392638012aca19afd246eda5979
adaptive_gps_only,2,11,6.567833137512207,15.463213002242465,True,0,0.07251656500000081,8bdcb6224a5674ede84941e83681fb1c30848ed9239570c2e01beb4700cfb9bc
adaptive_gps_only,2,12,9.177042293548585,15.231028486030786,True,0,0.0704206030000023,b05f6bba08e1a23cd79eced774e7c925bf9ba243b512be889c1f7d7c3317bae9
adaptive_gps_only,2,13,7.7779652118682865,14.975490607761028,True,0,0.07197655800007396,c18c080cf99f69b6ca28c2f25f3ca75301f9b78de83ec288b19fc0c514755a87
adaptive_gps_only,2,14,8.433120918273925,14.828041546439161,True,0,0.07187025199993968,d7a26a20d6152e542b9236f65cf1661c1fdf70d246a7ee273bbcbdf46a1d99ca
adaptive_gps_only,2,15,8.048299312591553,14.770254205893037,True,0,0.07186290200002077,44cba8c04384e8fadf7d5743f778e6fc787d63a5aef2090a36075626c2d33d06
adaptive_gps_only,2,16,7.829723644256592,14.728440558787907,True,0,0.07317547200000263,eade21fb584e6960e48c1aaa6ad80ceee19c30a5f8963db1123ff8a466d6420b
adaptive_gps_only,2,17,6.734985065460205,14.627840363810524,True,0,0.07123533699996187,52459f9672190df392bf2bdc3744716d4c231a8c8a540fe0894242c175a5c305
adaptive_gps_only,2,18,7.614330577850342,14.616174582129332,True,0,0.06995795099999214,75d0d9a76547d31757d64f1ef818c6bb675ef6a4d28a8ab3e3c0bcd81c67b921
adaptive_gps_only,2,19,8.079944896697999,14.632517817623958,False,1,0.06821563500000138,26842fdf07c548c0dd1dc13d3d653f717704165c1d3f2e8d0363c9f26e47c069
adaptive_gps_only,2,20,8.075699710845948,14.65281750909039,False,2,0.07179494400008934,637deb26563b7798ccd5efb2e51a2be411a6adb0bcac42c664c58dde61ebd54c
adaptive_gps_only,2,21,8.801320028305053,14.645455869412265,False,3,0.07066375300007621,8b38635adbcb4386d88be4b6a10172e807fa0cecd16d859e5f7fbc6d99855174
adaptive_gps_only,2,22,10.855894565582275,14.650183306357214,False,4,0.06980484300004264,5977f42d106213adccaf4f2dbfb9a3be47853c780a230f4cf9e564a33531802f
adaptive_gps_only,2,23,8.607143211364747,14.728149695298523,False,5,0.06900911900004303,58539332e01ab9b97a0b963937e9ede63b970faa74a0cc7f2f16bdddc03e9882
